player,first,last,name,position1,start,cteam,height,weight,dob,forty,bench,vertical,broad,shuttle,cone,arm,hand,dpos,col,dv,jnum,dcp,bye_week,injury_week
SF,San Francisco,49ers,San Francisco 49ers,DF,2000,SF,,,,,,,,,,,,,,,,,4,18
CHI,Chicago,Bears,Chicago Bears,DF,2000,CHI,,,,,,,,,,,,,,,,,6,18
CIN,Cincinnati,Bengals,Cincinnati Bengals,DF,2000,CIN,,,,,,,,,,,,,,,,,9,18
BUF,Buffalo,Bills,Buffalo Bills,DF,2000,BUF,,,,,,,,,,,,,,,,,6,18
DEN,Denver,Broncos,Denver Broncos,DF,2000,DEN,,,,,,,,,,,,,,,,,10,18
CLE,Cleveland,Browns,Cleveland Browns,DF,2000,CLE,,,,,,,,,,,,,,,,,7,18
TB,Tampa Bay,Buccaneers,Tampa Bay Buccaneers,DF,2000,TB,,,,,,,,,,,,,,,,,7,18
ARI,Arizona,Cardinals,Arizona Cardinals,DF,2000,ARI,,,,,,,,,,,,,,,,,12,18
LAC,Los Angeles,Chargers,Los Angeles Chargers,DF,2000,LAC,,,,,,,,,,,,,,,,,12,18
KC,Kansas City,Chiefs,Kansas City Chiefs,DF,2000,KC,,,,,,,,,,,,,,,,,12,18
IND,Indianapolis,Colts,Indianapolis Colts,DF,2000,IND,,,,,,,,,,,,,,,,,6,18
DAL,Dallas,Cowboys,Dallas Cowboys,DF,2000,DAL,,,,,,,,,,,,,,,,,8,18
MIA,Miami,Dolphins,Miami Dolphins,DF,2000,MIA,,,,,,,,,,,,,,,,,5,18
PHI,Philadelphia,Eagles,Philadelphia Eagles,DF,2000,PHI,,,,,,,,,,,,,,,,,10,18
ATL,Atlanta,Falcons,Atlanta Falcons,DF,2000,ATL,,,,,,,,,,,,,,,,,9,18
NYG,New York,Giants,New York Giants,DF,2000,NYG,,,,,,,,,,,,,,,,,11,18
JAC,Jacksonville,Jaguars,Jacksonville Jaguars,DF,2000,JAC,,,,,,,,,,,,,,,,,10,18
NYJ,New York,Jets,New York Jets,DF,2000,NYJ,,,,,,,,,,,,,,,,,4,18
DET,Detroit,Lions,Detroit Lions,DF,2000,DET,,,,,,,,,,,,,,,,,5,18
GB,Green Bay,Packers,Green Bay Packers,DF,2000,GB,,,,,,,,,,,,,,,,,11,18
CAR,Carolina,Panthers,Carolina Panthers,DF,2000,CAR,,,,,,,,,,,,,,,,,7,18
NE,New England,Patriots,New England Patriots,DF,2000,NE,,,,,,,,,,,,,,,,,10,18
OAK,Oakland,Raiders,Oakland Raiders,DF,2000,OAK,,,,,,,,,,,,,,,,,6,18
LA,Los Angeles,Rams,Los Angeles Rams,DF,2000,LA,,,,,,,,,,,,,,,,,9,18
BAL,Baltimore,Ravens,Baltimore Ravens,DF,2000,BAL,,,,,,,,,,,,,,,,,8,18
WAS,Washington,Redskins,Washington Redskins,DF,2000,WAS,,,,,,,,,,,,,,,,,10,18
NO,New Orleans,Saints,New Orleans Saints,DF,2000,NO,,,,,,,,,,,,,,,,,9,18
SEA,Seattle,Seahawks,Seattle Seahawks,DF,2000,SEA,,,,,,,,,,,,,,,,,11,18
PIT,Pittsburgh,Steelers,Pittsburgh Steelers,DF,2000,PIT,,,,,,,,,,,,,,,,,7,18
HOU,Houston,Texans,Houston Texans,DF,2002,HOU,,,,,,,,,,,,,,,,,10,18
TEN,Tennessee,Titans,Tennessee Titans,DF,2000,TEN,,,,,,,,,,,,,,,,,11,18
MIN,Minnesota,Vikings,Minnesota Vikings,DF,2000,MIN,,,,,,,,,,,,,,,,,12,18
MB-0020,Michael,Badgley,Michael Badgley,K,2018,LAC,70.0,186.0,7/28/95,4.94,0.0,0.0,111.0,0.0,0.0,0.0,0.0,0.0,Miami (FL),Atlantic Coast (ACC),4.0,1.0,12,4
DB-0200,Dan,Bailey,Dan Bailey,K,2011,MIN,72.0,189.0,1/26/88,4.92,0.0,0.0,0.0,0.0,0.0,0.0,0.0,0.0,Oklahoma State,Big 12,5.0,1.0,12,18
CB-2275,Chris,Boswell,Chris Boswell,K,2014,PIT,74.0,185.0,3/16/91,4.93,0.0,0.0,0.0,0.0,0.0,0.0,0.0,0.0,Rice,Conference USA (C-USA),9.0,1.0,7,18
MB-4600,Matt,Bryant,Matt Bryant,K,2002,ATL,69.0,200.0,5/29/75,0.0,0.0,0.0,0.0,0.0,0.0,0.0,0.0,0.0,Baylor,Big 12,0.0,0.0,9,18
RB-4650,Randy,Bullock,Randy Bullock,K,2012,CIN,69.0,205.0,12/16/89,0.0,0.0,0.0,0.0,0.0,0.0,29.25,8.375,161.0,Texas A&M,Big 12,4.0,1.0,9,18
HB-0500,Harrison,Butker,Harrison Butker,K,2017,KC,76.0,199.0,7/14/95,4.93,0.0,0.0,0.0,0.0,0.0,31.75,8.75,233.0,Georgia Tech,Atlantic Coast (ACC),7.0,1.0,12,18
DC-0450,Daniel,Carlson,Daniel Carlson,K,2018,OAK,77.0,213.0,1/23/95,4.96,0.0,0.0,0.0,0.0,0.0,32.0,9.75,167.0,Auburn,Southeastern (SEC),8.0,1.0,6,18
MC-3000,Mason,Crosby,Mason Crosby,K,2007,GB,73.0,207.0,9/3/84,0.0,0.0,0.0,0.0,0.0,0.0,0.0,0.0,193.0,Colorado,Big 12,2.0,1.0,11,18
JE-0250,Jake,Elliott,Jake Elliott,K,2017,PHI,69.0,167.0,1/21/95,4.79,0.0,0.0,0.0,0.0,0.0,29.0,9.0,153.0,Memphis,American Athletic,4.0,1.0,10,18
KF-0075,Ka'imi,Fairbairn,Ka'imi Fairbairn,K,2016,HOU,71.0,182.0,1/29/94,4.96,0.0,0.0,0.0,0.0,7.75,0.0,0.0,0.0,UCLA,Pacific 12,7.0,1.0,10,18
SF-0050,Sam,Ficken,Sam Ficken,K,2016,NYJ,74.0,186.0,12/14/92,0.0,0.0,0.0,0.0,0.0,0.0,0.0,0.0,0.0,Penn State,Big Ten,9.0,1.0,4,18
NF-0300,Nick,Folk,Nick Folk,K,2007,NE,73.0,222.0,11/5/84,0.0,0.0,0.0,0.0,0.0,0.0,0.0,0.0,178.0,Arizona,Pacific 10,2.0,1.0,10,18
KF-0250,Kai,Forbath,Kai Forbath,K,2011,DAL,71.0,191.0,9/2/87,0.0,0.0,0.0,0.0,0.0,0.0,0.0,0.0,0.0,UCLA,Pacific 10,3.0,1.0,8,18
MG-0306,Matt,Gay,Matt Gay,K,2019,TB,72.0,232.0,3/15/94,5.2,0.0,0.0,0.0,0.0,0.0,30.5,9.0,145.0,Utah,Pacific 12,9.0,1.0,7,18
ZG-0050,Zane,Gonzalez,Zane Gonzalez,K,2017,ARI,72.0,202.0,5/7/95,4.91,0.0,0.0,0.0,0.0,0.0,29.5,9.0,224.0,Arizona State,Pacific 12,5.0,1.0,12,18
SG-0800,Stephen,Gostkowski,Stephen Gostkowski,K,2006,NE,73.0,215.0,1/28/84,0.0,0.0,0.0,0.0,0.0,0.0,0.0,0.0,118.0,Memphis,Conference USA (C-USA),3.0,2.0,10,5
RG-1500,Robbie,Gould,Robbie Gould,K,2005,SF,72.0,185.0,12/6/81,0.0,0.0,0.0,0.0,0.0,0.0,0.0,0.0,0.0,Penn State,Big Ten,9.0,1.0,4,18
SH-0400,Stephen,Hauschka,Stephen Hauschka,K,2008,BUF,76.0,210.0,6/29/85,0.0,0.0,0.0,0.0,0.0,0.0,0.0,0.0,0.0,North Carolina State,Atlantic Coast (ACC),4.0,1.0,6,18
DH-3970,Dustin,Hopkins,Dustin Hopkins,K,2013,WAS,74.0,193.0,10/1/90,4.71,0.0,33.5,116.0,0.0,0.0,31.75,8.875,177.0,Florida State,Atlantic Coast (ACC),3.0,1.0,10,18
GJ-1200,Greg,Joseph,Greg Joseph,K,2018,TEN,73.0,210.0,8/4/94,0.0,0.0,0.0,0.0,0.0,0.0,0.0,0.0,0.0,Florida Atlantic,Conference USA (C-USA),7.0,2.0,11,18
YK-0100,Younghoe,Koo,Younghoe Koo,K,2017,ATL,70.0,190.0,8/3/94,4.87,0.0,0.0,0.0,0.0,0.0,0.0,0.0,0.0,Georgia Southern,Sun Belt,7.0,1.0,9,18
JL-0207,Josh,Lambo,Josh Lambo,K,2015,JAC,71.0,220.0,11/19/90,5.16,0.0,0.0,0.0,0.0,0.0,0.0,0.0,0.0,Texas A&M,Southeastern (SEC),4.0,1.0,10,18
TL-1062,Ty,Long,Ty Long,K,2015,LAC,74.0,205.0,4/6/93,4.87,0.0,0.0,0.0,0.0,0.0,0.0,0.0,0.0,Alabama-Birmingham,Conference USA (C-USA),1.0,1.0,12,18
WL-0300,Wil,Lutz,Wil Lutz,K,2016,NO,72.0,190.0,7/7/94,5.02,12.0,0.0,0.0,0.0,0.0,0.0,0.0,0.0,Georgia State,Sun Belt,3.0,1.0,9,18
BM-0062,Brett,Maher,Brett Maher,K,2013,NYJ,72.0,186.0,11/21/89,0.0,0.0,0.0,0.0,0.0,0.0,31.625,9.125,0.0,Nebraska,Big Ten,0.0,2.0,4,18
CM-2137,Chase,McLaughlin,Chase McLaughlin,K,2019,IND,73.0,190.0,4/9/96,4.97,0.0,0.0,0.0,0.0,0.0,29.625,9.25,0.0,Illinois,Big Ten,5.0,1.0,6,18
BM-1650,Brandon,McManus,Brandon McManus,K,2013,DEN,75.0,201.0,7/25/91,4.9,8.0,27.5,0.0,4.63,6.82,0.0,0.0,0.0,Temple,Big East,8.0,1.0,10,18
JM-7000,Jason,Myers,Jason Myers,K,2015,SEA,71.0,190.0,5/12/91,0.0,0.0,0.0,0.0,0.0,0.0,0.0,0.0,0.0,Marist,0,5.0,1.0,11,18
MN-0800,Mike,Nugent,Mike Nugent,K,2005,NE,70.0,190.0,3/2/82,0.0,0.0,0.0,0.0,0.0,0.0,0.0,0.0,47.0,Ohio State,Big Ten,0.0,0.0,10,18
CP-0575,Cody,Parkey,Cody Parkey,K,2014,TEN,72.0,189.0,2/19/92,5.07,0.0,0.0,0.0,0.0,0.0,0.0,0.0,0.0,Auburn,Southeastern (SEC),0.0,0.0,11,18
EP-0512,Eddy,Pineiro,Eddy Pineiro,K,2018,CHI,72.0,185.0,9/13/95,4.84,0.0,0.0,0.0,0.0,0.0,0.0,0.0,0.0,Florida,Southeastern (SEC),15.0,1.0,6,18
MP-2100,Matt,Prater,Matt Prater,K,2006,DET,70.0,187.0,8/10/84,0.0,0.0,0.0,0.0,0.0,0.0,0.0,0.0,0.0,Central Florida,Conference USA (C-USA),5.0,1.0,5,18
AR-1450,Aldrick,Rosas,Aldrick Rosas,K,2016,NYG,74.0,195.0,12/30/94,5.12,0.0,0.0,0.0,0.0,0.0,0.0,0.0,0.0,Southern Oregon,0,2.0,1.0,11,18
JS-0350,Jason,Sanders,Jason Sanders,K,2018,MIA,71.0,184.0,11/16/95,4.87,0.0,0.0,0.0,0.0,0.0,0.0,0.0,229.0,New Mexico,Mountain West (MWC),7.0,1.0,5,18
CS-0250,Cairo,Santos,Cairo Santos,K,2014,TEN,68.0,164.0,11/12/91,4.76,0.0,0.0,0.0,0.0,0.0,0.0,0.0,0.0,Tulane,Conference USA (C-USA),0.0,0.0,11,18
AS-0575,Austin,Seibert,Austin Seibert,K,2019,CLE,69.0,209.0,11/15/96,5.14,0.0,0.0,0.0,0.0,0.0,30.375,8.875,170.0,Oklahoma,Big 12,4.0,1.0,7,18
JS-3825,Joey,Slye,Joey Slye,K,2019,CAR,71.0,210.0,4/10/96,0.0,0.0,0.0,0.0,0.0,0.0,0.0,0.0,0.0,Virginia Tech,Atlantic Coast (ACC),4.0,1.0,7,18
RS-3400,Ryan,Succop,Ryan Succop,K,2009,TEN,75.0,218.0,9/19/86,0.0,0.0,0.0,0.0,0.0,0.0,0.0,0.0,256.0,South Carolina,Southeastern (SEC),4.0,5.0,11,1
JT-3950,Justin,Tucker,Justin Tucker,K,2012,BAL,72.0,180.0,11/21/89,0.0,0.0,0.0,0.0,0.0,0.0,0.0,0.0,0.0,Texas,Big 12,9.0,1.0,8,18
KV-0250,Kaare,Vedvik,Kaare Vedvik,K,2018,BUF,76.0,209.0,3/16/94,4.96,0.0,34.0,123.0,0.0,0.0,0.0,0.0,0.0,Marshall,Conference USA (C-USA),0.0,1.0,6,18
AV-0400,Adam,Vinatieri,Adam Vinatieri,K,1996,IND,72.0,202.0,12/28/72,0.0,0.0,0.0,0.0,0.0,0.0,0.0,0.0,0.0,South Dakota State,0,4.0,3.0,6,14
GZ-2000,Greg,Zuerlein,Greg Zuerlein,K,2012,LA,72.0,187.0,12/27/87,4.86,0.0,0.0,0.0,0.0,0.0,0.0,0.0,171.0,Missouri Western,0,4.0,1.0,9,18
JA-1087,Josh,Allen,Josh Allen,QB,2018,BUF,77.0,237.0,5/21/96,4.75,0.0,33.5,119.0,4.4,6.9,33.25,10.125,7.0,Wyoming,Mountain West (MWC),17.0,1.0,6,18
KA-0737,Kyle,Allen,Kyle Allen,QB,2018,CAR,75.0,210.0,3/8/96,4.78,0.0,28.5,113.0,4.26,0.0,0.0,0.0,0.0,Houston,American Athletic,7.0,2.0,7,18
BA-0375,Brandon,Allen,Brandon Allen,QB,2016,DEN,73.0,217.0,9/5/92,4.75,0.0,28.0,110.0,4.33,7.06,31.25,8.875,201.0,Arkansas,Southeastern (SEC),2.0,2.0,10,18
MB-0450,Matt,Barkley,Matt Barkley,QB,2013,BUF,74.0,227.0,9/8/90,4.9,0.0,0.0,0.0,4.58,0.0,30.625,10.125,98.0,USC,Pacific 12,5.0,2.0,6,18
DB-2750,David,Blough,David Blough,QB,2019,DET,72.0,205.0,7/31/95,4.91,0.0,31.5,107.0,4.55,7.22,29.625,9.375,0.0,Purdue,Big Ten,10.0,1.0,5,18
BB-2425,Blake,Bortles,Blake Bortles,QB,2014,LA,77.0,232.0,4/28/92,4.88,0.0,32.5,115.0,4.21,7.08,32.875,9.375,3.0,Central Florida,American Athletic,5.0,2.0,9,18
TB-2093,Tim,Boyle,Tim Boyle,QB,2018,GB,75.0,205.0,10/3/94,4.88,0.0,0.0,0.0,0.0,0.0,0.0,0.0,0.0,Eastern Kentucky,Ohio Valley,8.0,2.0,11,18
TB-2300,Tom,Brady,Tom Brady,QB,2000,NE,76.0,225.0,8/3/77,5.28,0.0,24.5,99.0,4.38,7.2,0.0,0.0,199.0,Michigan,Big Ten,12.0,1.0,10,18
DB-3800,Drew,Brees,Drew Brees,QB,2001,NO,72.0,209.0,1/15/79,4.83,0.0,32.0,105.0,4.21,7.09,31.25,10.0,32.0,Purdue,Big Ten,9.0,1.0,9,3
TB-2650,Teddy,Bridgewater,Teddy Bridgewater,QB,2014,NO,74.0,214.0,11/10/92,4.79,0.0,30.0,113.0,4.2,7.17,33.0,9.25,32.0,Louisville,American Athletic,5.0,2.0,9,18
JB-5725,Jacoby,Brissett,Jacoby Brissett,QB,2016,IND,76.0,231.0,12/11/92,4.9,0.0,31.0,113.0,4.53,7.17,32.25,9.75,91.0,North Carolina State,Atlantic Coast (ACC),7.0,1.0,6,18
DC-0725,Derek,Carr,Derek Carr,QB,2014,OAK,74.0,214.0,3/28/91,4.67,0.0,34.5,110.0,4.2,0.0,31.5,9.125,36.0,Fresno State,Mountain West (MWC),4.0,1.0,6,18
KC-2350,Kirk,Cousins,Kirk Cousins,QB,2012,MIN,75.0,214.0,8/19/88,4.84,0.0,28.5,109.0,4.5,7.05,31.75,9.875,102.0,Michigan State,Big Ten,8.0,1.0,12,18
AD-0100,Andy,Dalton,Andy Dalton,QB,2011,CIN,74.0,215.0,10/29/87,4.82,0.0,29.5,106.0,4.27,6.93,31.75,9.5,35.0,Texas Christian,Mountain West (MWC),14.0,1.0,9,18
CD-0300,Chase,Daniel,Chase Daniel,QB,2009,CHI,72.0,225.0,10/7/86,4.79,0.0,33.0,108.0,4.31,7.28,28.75,9.25,0.0,Missouri,Big 12,4.0,2.0,6,18
SD-0175,Sam,Darnold,Sam Darnold,QB,2018,NYJ,75.0,221.0,6/5/97,4.85,0.0,26.5,105.0,4.4,6.96,31.0,9.375,3.0,USC,Pacific 12,14.0,1.0,4,2
JD-2850,Jeff,Driskel,Jeff Driskel,QB,2016,DET,76.0,234.0,4/23/93,4.46,0.0,32.0,122.0,4.25,7.19,33.5,9.75,207.0,Louisiana Tech,Conference USA (C-USA),2.0,2.0,5,1
LF-0025,Luke,Falk,Luke Falk,QB,2018,NYJ,76.0,215.0,12/28/94,4.87,0.0,26.5,103.0,0.0,0.0,32.0,9.25,199.0,Washington State,Pacific 12,0.0,0.0,4,18
RF-0450,Ryan,Finley,Ryan Finley,QB,2019,CIN,76.0,213.0,12/26/94,4.73,0.0,30.5,116.0,4.2,7.2,32.875,9.5,104.0,North Carolina State,Atlantic Coast (ACC),5.0,2.0,9,18
RF-0500,Ryan,Fitzpatrick,Ryan Fitzpatrick,QB,2005,MIA,74.0,225.0,11/24/82,4.86,0.0,30.5,105.0,4.07,7.09,0.0,0.0,250.0,Harvard,Ivy League,14.0,1.0,5,18
JF-1900,Joe,Flacco,Joe Flacco,QB,2008,DEN,78.0,245.0,1/16/85,4.84,0.0,28.5,110.0,4.27,6.82,32.875,9.5,18.0,Delaware,Colonial Athletic (CAA),5.0,2.0,10,9
NF-0250,Nick,Foles,Nick Foles,QB,2012,JAC,77.0,243.0,1/20/89,5.03,0.0,30.5,112.0,0.0,0.0,34.25,10.625,88.0,Arizona,Pacific 12,7.0,2.0,10,2
JG-0650,Jimmy,Garoppolo,Jimmy Garoppolo,QB,2014,SF,74.0,226.0,11/2/91,4.94,0.0,30.5,110.0,4.26,7.04,31.0,9.25,62.0,Eastern Illinois,Ohio Valley,10.0,1.0,4,18
GG-0310,Garrett,Gilbert,Garrett Gilbert,QB,2014,CLE,76.0,221.0,7/1/91,4.86,0.0,29.5,117.0,4.41,7.43,30.625,9.375,214.0,SMU,American Athletic,3.0,2.0,7,18
MG-0850,Mike,Glennon,Mike Glennon,QB,2013,OAK,79.0,225.0,12/12/89,4.94,0.0,26.5,102.0,4.52,7.49,33.125,9.625,73.0,North Carolina State,Atlantic Coast (ACC),7.0,2.0,6,18
JG-1850,Jared,Goff,Jared Goff,QB,2016,LA,76.0,215.0,10/14/94,4.75,0.0,27.0,110.0,4.47,7.17,32.75,9.0,1.0,California,Pacific 12,16.0,1.0,9,18
WG-0750,Will,Grier,Will Grier,QB,2019,CAR,74.0,217.0,4/3/95,4.84,0.0,34.0,112.0,4.28,7.09,31.5,9.375,100.0,West Virginia,Big 12,3.0,1.0,7,18
RG-1850,Robert,Griffin,Robert Griffin,QB,2012,BAL,74.0,223.0,2/12/90,4.33,0.0,39.0,120.0,0.0,0.0,32.25,9.5,2.0,Baylor,Big 12,3.0,2.0,8,18
RG-1885,Ryan,Griffin,Ryan Griffin,QB,2013,TB,77.0,208.0,11/17/89,4.9,21.0,34.5,113.0,4.43,7.01,0.0,0.0,0.0,Tulane,Conference USA (C-USA),4.0,2.0,7,18
DH-1912,Dwayne,Haskins,Dwayne Haskins,QB,2019,WAS,75.0,231.0,5/3/97,5.04,0.0,28.5,0.0,0.0,0.0,33.5,9.625,15.0,Ohio State,Big Ten,7.0,1.0,10,17
TH-1625,Taysom,Hill,Taysom Hill,QB,2017,NO,74.0,235.0,8/23/90,4.46,0.0,38.5,122.0,4.37,7.03,0.0,0.0,0.0,Brigham Young,FBS Independents,7.0,3.0,9,18
DH-3450,Devlin,Hodges,Devlin Hodges,QB,2019,PIT,73.0,211.0,4/12/96,4.79,0.0,32.0,103.0,4.53,7.38,30.125,9.25,0.0,Samford,Southern,6.0,1.0,7,18
BH-1900,Brian,Hoyer,Brian Hoyer,QB,2009,IND,75.0,215.0,10/13/85,5.02,0.0,32.0,109.0,4.42,7.1,32.0,9.5,0.0,Michigan State,Big Ten,2.0,2.0,6,18
BH-2300,Brett,Hundley,Brett Hundley,QB,2015,ARI,75.0,226.0,6/15/93,4.6,0.0,36.0,120.0,3.98,6.93,32.125,10.5,147.0,UCLA,Pacific 12,7.0,2.0,12,18
LJ-0150,Lamar,Jackson,Lamar Jackson,QB,2018,BAL,74.0,216.0,1/7/97,0.0,0.0,0.0,0.0,0.0,0.0,33.125,9.5,32.0,Louisville,Atlantic Coast (ACC),8.0,1.0,8,18
DJ-2275,Daniel,Jones,Daniel Jones,QB,2019,NYG,77.0,221.0,5/27/97,4.72,0.0,33.5,120.0,4.41,7.0,32.5,9.75,6.0,Duke,Atlantic Coast (ACC),8.0,1.0,11,14
CK-0250,Case,Keenum,Case Keenum,QB,2012,WAS,73.0,210.0,2/17/88,4.72,18.0,32.5,103.0,4.28,6.87,30.875,9.125,0.0,Houston,Conference USA (C-USA),8.0,2.0,10,9
DL-1787,Drew,Lock,Drew Lock,QB,2019,DEN,76.0,228.0,11/10/96,4.69,0.0,31.0,112.0,4.12,7.03,32.5,9.0,42.0,Missouri,Southeastern (SEC),3.0,1.0,10,1
PM-0025,Patrick,Mahomes,Patrick Mahomes,QB,2017,KC,74.0,225.0,9/17/95,4.8,0.0,30.0,113.0,4.08,6.88,33.25,9.25,10.0,Texas Tech,Big 12,15.0,1.0,12,8
EM-0200,Eli,Manning,Eli Manning,QB,2004,NYG,77.0,218.0,1/3/81,4.9,0.0,0.0,0.0,0.0,0.0,30.75,9.75,1.0,Mississippi,Southeastern (SEC),10.0,2.0,11,18
SM-0425,Sean,Mannion,Sean Mannion,QB,2015,MIN,78.0,229.0,4/25/92,5.06,0.0,31.0,105.0,4.39,7.29,33.5,9.0,89.0,Oregon State,Pacific 12,4.0,2.0,12,18
MM-0912,Marcus,Mariota,Marcus Mariota,QB,2015,TEN,76.0,222.0,10/30/93,4.43,0.0,36.0,121.0,4.11,6.87,32.0,9.875,2.0,Oregon,Pacific 12,8.0,2.0,11,18
BM-0650,Baker,Mayfield,Baker Mayfield,QB,2018,CLE,73.0,215.0,4/14/95,4.84,0.0,29.0,111.0,4.28,7.0,30.25,9.25,1.0,Oklahoma,Big 12,6.0,1.0,7,18
AM-1150,A.J.,McCarron,A.J. McCarron,QB,2014,HOU,75.0,220.0,9/13/90,4.9,0.0,28.0,99.0,4.34,7.18,31.5,10.0,164.0,Alabama,Southeastern (SEC),2.0,2.0,10,18
JM-2900,Josh,McCown,Josh McCown,QB,2002,PHI,76.0,215.0,7/4/79,4.59,0.0,38.5,120.0,3.9,6.85,0.0,0.0,81.0,Sam Houston State,Southland,18.0,2.0,10,18
CM-1500,Colt,McCoy,Colt McCoy,QB,2010,WAS,73.0,215.0,9/5/86,4.79,0.0,0.0,114.0,0.0,0.0,31.0,9.375,85.0,Texas,Big 12,12.0,3.0,10,1
TM-2362,Trace,McSorley,Trace McSorley,QB,2019,BAL,72.0,202.0,8/23/95,4.57,0.0,33.0,115.0,4.12,7.09,31.0,9.125,197.0,Penn State,Big Ten,7.0,3.0,8,18
GM-1350,Gardner,Minshew,Gardner Minshew,QB,2019,JAC,73.0,225.0,5/16/96,4.97,0.0,33.5,116.0,4.45,7.14,31.75,10.125,178.0,Washington State,Pacific 12,15.0,1.0,10,18
MM-4700,Matt,Moore,Matt Moore,QB,2007,KC,75.0,216.0,8/9/84,0.0,0.0,0.0,0.0,0.0,0.0,31.25,8.5,0.0,Oregon State,Pacific 10,8.0,2.0,12,18
NM-0687,Nick,Mullens,Nick Mullens,QB,2017,SF,73.0,199.0,3/21/95,4.9,0.0,31.0,104.0,4.47,7.4,0.0,0.0,0.0,Southern Mississippi,Conference USA (C-USA),4.0,2.0,4,18
KM-3500,Kyler,Murray,Kyler Murray,QB,2019,ARI,70.0,207.0,8/7/97,4.4,0.0,0.0,0.0,0.0,0.0,28.5,9.5,1.0,Oklahoma,Big 12,1.0,1.0,12,18
CN-0500,Cam,Newton,Cam Newton,QB,2011,CAR,77.0,244.0,5/11/89,4.56,0.0,35.0,126.0,4.18,6.92,33.75,9.875,1.0,Auburn,Southeastern (SEC),1.0,5.0,7,3
DP-2037,Dak,Prescott,Dak Prescott,QB,2016,DAL,74.0,226.0,7/29/93,4.74,0.0,32.5,116.0,4.32,7.11,32.25,10.875,135.0,Mississippi State,Southeastern (SEC),4.0,1.0,8,18
PR-0300,Philip,Rivers,Philip Rivers,QB,2004,LAC,77.0,228.0,12/8/81,5.08,0.0,0.0,0.0,0.0,0.0,32.25,9.25,4.0,North Carolina State,Atlantic Coast (ACC),17.0,1.0,12,18
AR-1300,Aaron,Rodgers,Aaron Rodgers,QB,2005,GB,74.0,225.0,12/2/83,4.71,0.0,34.5,110.0,4.32,7.12,32.625,9.375,24.0,California,Pacific 10,12.0,1.0,11,18
BR-1100,Ben,Roethlisberger,Ben Roethlisberger,QB,2004,PIT,77.0,241.0,3/2/82,4.75,0.0,0.0,0.0,0.0,0.0,32.0,9.875,11.0,Miami (OH),Mid-American (MAC),7.0,3.0,7,3
JR-3250,Josh,Rosen,Josh Rosen,QB,2018,MIA,76.0,226.0,2/10/97,4.92,0.0,31.0,111.0,4.28,7.09,31.75,9.875,10.0,UCLA,Pacific 12,3.0,2.0,5,18
MR-2350,Mason,Rudolph,Mason Rudolph,QB,2018,PIT,77.0,235.0,7/17/95,4.9,0.0,28.5,107.0,4.56,0.0,32.375,9.125,76.0,Oklahoma State,Big 12,2.0,5.0,7,6
MR-2500,Matt,Ryan,Matt Ryan,QB,2008,ATL,77.0,220.0,5/17/85,4.89,0.0,0.0,0.0,4.51,7.4,32.375,9.5,3.0,Boston College,Atlantic Coast (ACC),2.0,1.0,9,18
MS-0200,Matt,Schaub,Matt Schaub,QB,2004,ATL,78.0,240.0,6/25/81,5.04,0.0,30.5,110.0,4.66,7.65,31.75,9.75,90.0,Virginia,Atlantic Coast (ACC),8.0,2.0,9,18
TS-1450,Trevor,Siemian,Trevor Siemian,QB,2015,NYJ,75.0,220.0,12/26/92,4.94,0.0,0.0,0.0,0.0,0.0,0.0,0.0,250.0,Northwestern,Big Ten,19.0,3.0,4,3
MS-4100,Matthew,Stafford,Matthew Stafford,QB,2009,DET,75.0,232.0,2/7/88,4.81,0.0,30.5,107.0,4.47,7.06,33.25,10.0,1.0,Georgia,Southeastern (SEC),9.0,4.0,5,11
JS-6787,Jarrett,Stidham,Jarrett Stidham,QB,2019,NE,74.0,218.0,8/8/96,4.81,0.0,31.0,110.0,4.33,7.28,32.0,9.125,133.0,Auburn,Southeastern (SEC),4.0,2.0,10,18
RT-0150,Ryan,Tannehill,Ryan Tannehill,QB,2012,TEN,76.0,222.0,7/27/88,4.65,0.0,0.0,0.0,0.0,0.0,32.625,9.0,8.0,Texas A&M,Big 12,17.0,1.0,11,18
AT-0160,Alex,Tanney,Alex Tanney,QB,2012,NYG,75.0,223.0,11/11/87,4.96,0.0,29.0,103.0,4.45,7.13,0.0,0.0,0.0,Monmouth,0,3.0,3.0,11,18
TT-0500,Tyrod,Taylor,Tyrod Taylor,QB,2011,LAC,73.0,215.0,8/3/89,4.47,0.0,37.5,126.0,4.09,6.78,32.25,10.0,180.0,Virginia Tech,Atlantic Coast (ACC),5.0,2.0,12,18
MT-1800,Mitchell,Trubisky,Mitchell Trubisky,QB,2017,CHI,74.0,222.0,8/20/94,4.67,0.0,27.5,115.0,4.25,6.87,32.0,9.5,2.0,North Carolina,Atlantic Coast (ACC),10.0,1.0,6,5
DW-1725,Deshaun,Watson,Deshaun Watson,QB,2017,HOU,74.0,221.0,9/14/95,4.66,0.0,32.5,117.0,4.31,6.95,33.0,9.75,12.0,Clemson,Atlantic Coast (ACC),4.0,1.0,10,18
CW-1425,Carson,Wentz,Carson Wentz,QB,2016,PHI,77.0,237.0,12/30/92,4.65,0.0,30.5,118.0,4.15,6.86,33.25,10.0,2.0,North Dakota State,Missouri Valley,11.0,1.0,10,18
RW-3850,Russell,Wilson,Russell Wilson,QB,2012,SEA,71.0,206.0,11/29/88,4.53,0.0,34.0,118.0,4.09,6.97,31.0,10.25,75.0,Wisconsin,Big Ten,3.0,1.0,11,18
JW-5650,Jameis,Winston,Jameis Winston,QB,2015,TB,76.0,231.0,1/6/94,4.91,0.0,28.5,103.0,4.36,7.16,32.0,9.375,1.0,Florida State,Atlantic Coast (ACC),3.0,1.0,7,18
AA-0025,Ameer,Abdullah,Ameer Abdullah,RB,2015,MIN,69.0,205.0,6/13/93,4.5,24.0,42.5,130.0,3.95,6.79,30.0,8.625,54.0,Nebraska,Big Ten,31.0,3.0,12,18
JA-0275,Josh,Adams,Josh Adams,RB,2018,NYJ,74.0,213.0,10/29/96,4.52,18.0,34.0,122.0,0.0,6.78,0.0,0.0,0.0,Notre Dame,FBS Independents,36.0,4.0,4,18
JA-0450,Jay,Ajayi,Jay Ajayi,RB,2015,PHI,72.0,221.0,6/15/93,4.52,19.0,39.0,121.0,4.1,7.1,32.0,10.0,149.0,Boise State,Mountain West (MWC),0.0,0.0,10,18
JA-1025,Javorius,Allen,Javorius Allen,RB,2015,NYG,72.0,221.0,8/27/91,4.5,11.0,35.5,121.0,4.28,6.96,31.75,9.375,125.0,USC,Pacific 12,37.0,4.0,11,18
CA-0750,C.J.,Anderson,C.J. Anderson,RB,2013,DET,68.0,224.0,2/10/91,4.53,17.0,33.0,119.0,4.12,7.15,30.0,9.0,0.0,California,Pacific 12,0.0,0.0,5,18
AA-0557,Alex,Armah,Alex Armah,RB,2017,CAR,74.0,253.0,5/17/94,4.7,26.0,34.5,122.0,4.29,7.0,0.0,0.0,192.0,West Georgia,0,40.0,1.0,7,18
RA-1337,Ryquell,Armstead,Ryquell Armstead,RB,2019,JAC,71.0,220.0,10/30/96,4.45,22.0,30.0,114.0,4.29,7.02,30.625,9.125,140.0,Temple,American Athletic,23.0,2.0,10,18
KB-0150,Kalen,Ballage,Kalen Ballage,RB,2018,MIA,73.0,228.0,12/22/95,4.46,15.0,33.5,122.0,0.0,0.0,32.75,9.5,131.0,Arizona State,Pacific 12,27.0,2.0,5,14
PB-0125,Peyton,Barber,Peyton Barber,RB,2016,TB,70.0,228.0,6/27/94,4.49,20.0,32.5,111.0,4.21,7.0,0.0,0.0,0.0,Auburn,Southeastern (SEC),25.0,2.0,7,18
SB-0212,Saquon,Barkley,Saquon Barkley,RB,2018,NYG,72.0,233.0,2/7/97,4.4,29.0,41.0,0.0,4.24,0.0,31.375,9.5,2.0,Penn State,Big Ten,26.0,1.0,11,4
KB-0350,Kenjon,Barner,Kenjon Barner,RB,2013,ATL,69.0,196.0,4/28/89,4.39,20.0,35.5,122.0,4.14,6.87,29.625,9.125,182.0,Oregon,Pacific 12,38.0,3.0,9,4
NB-0125,Nick,Bawden,Nick Bawden,RB,2018,DET,74.0,245.0,6/22/96,4.72,0.0,0.0,109.0,4.37,7.16,30.5,9.25,237.0,San Diego State,Mountain West (MWC),46.0,5.0,5,12
AB-1125,Andrew,Beck,Andrew Beck,RB,2019,DEN,75.0,254.0,5/15/96,4.63,23.0,34.0,119.0,4.26,7.34,30.25,9.125,0.0,Texas,Big 12,83.0,1.0,10,18
LB-0250,Le'Veon,Bell,Le'Veon Bell,RB,2013,NYJ,73.0,230.0,2/18/92,4.56,24.0,31.5,118.0,4.24,6.75,31.5,9.625,48.0,Michigan State,Big Ten,26.0,1.0,4,18
NB-0200,Nick,Bellore,Nick Bellore,RB,2011,SEA,73.0,250.0,5/12/89,4.84,23.0,32.5,109.0,4.0,6.98,0.0,0.0,0.0,Central Michigan,Mid-American (MAC),44.0,1.0,11,18
GB-0350,Giovani,Bernard,Giovani Bernard,RB,2013,CIN,68.0,202.0,11/22/91,4.5,19.0,33.5,122.0,4.12,6.91,28.0,9.375,37.0,North Carolina,Atlantic Coast (ACC),25.0,2.0,9,18
KB-1225,Khari,Blasingame,Khari Blasingame,RB,2019,TEN,72.0,196.0,7/1/96,4.55,20.0,38.5,131.0,4.18,6.94,32.5,9.5,0.0,Vanderbilt,Southeastern (SEC),41.0,3.0,11,18
BB-2250,Brandon,Bolden,Brandon Bolden,RB,2012,NE,71.0,215.0,1/26/90,4.5,21.0,38.0,119.0,4.32,6.91,32.25,10.0,0.0,Mississippi,Southeastern (SEC),38.0,2.0,10,18
RB-2350,Reggie,Bonnafon,Reggie Bonnafon,RB,2018,CAR,72.0,206.0,1/4/96,4.53,20.0,38.0,127.0,4.25,6.97,0.0,0.0,0.0,Louisville,Atlantic Coast (ACC),39.0,2.0,7,18
DB-2950,Devontae,Booker,Devontae Booker,RB,2016,DEN,71.0,219.0,5/27/92,4.56,22.0,0.0,0.0,0.0,0.0,31.625,8.625,136.0,Utah,Pacific 12,23.0,3.0,10,18
MB-2950,Mike,Boone,Mike Boone,RB,2018,MIN,69.0,206.0,6/30/95,4.45,25.0,42.0,139.0,4.38,6.95,0.0,0.0,0.0,Cincinnati,American Athletic,23.0,4.0,12,18
MB-3537,Matt,Breida,Matt Breida,RB,2017,SF,69.0,180.0,2/28/95,4.39,23.0,42.0,134.0,4.34,6.85,0.0,0.0,0.0,Georgia Southern,Sun Belt,22.0,2.0,4,18
TB-2775,Tony,Brooks-James,Tony Brooks-James,RB,2019,MIN,69.0,176.0,12/6/94,4.49,15.0,35.5,127.0,4.27,7.06,30.125,8.75,0.0,Oregon,Pacific 12,35.0,2.0,12,18
MB-3862,Malcolm,Brown,Malcolm Brown,RB,2015,LA,71.0,224.0,5/15/93,4.51,19.0,34.5,117.0,4.15,6.86,32.75,10.25,0.0,Texas,Big 12,34.0,2.0,9,8
RB-4670,Rex,Burkhead,Rex Burkhead,RB,2013,NE,70.0,214.0,7/2/90,4.65,21.0,39.0,125.0,4.09,6.85,30.875,9.75,190.0,Nebraska,Big Ten,34.0,2.0,10,18
MB-5175,Mike,Burton,Mike Burton,RB,2015,WAS,71.0,242.0,2/1/92,4.65,30.0,33.0,116.0,4.28,7.08,29.25,9.5,168.0,Rutgers,Big Ten,45.0,2.0,10,18
TC-0325,Trenton,Cannon,Trenton Cannon,RB,2018,NYJ,70.0,182.0,7/23/94,4.4,17.0,38.5,129.0,4.04,7.02,0.0,0.0,204.0,Virginia State,0,25.0,1.0,4,8
TC-0450,Tra,Carson,Tra Carson,RB,2016,DET,71.0,227.0,10/24/92,4.64,19.0,37.0,115.0,4.27,7.1,0.0,0.0,0.0,Texas A&M,Southeastern (SEC),34.0,5.0,5,9
CC-0750,Chris,Carson,Chris Carson,RB,2017,SEA,72.0,218.0,9/16/94,4.58,23.0,39.0,130.0,4.28,7.53,33.25,9.625,249.0,Oklahoma State,Big 12,32.0,1.0,11,17
NC-0175,Nick,Chubb,Nick Chubb,RB,2018,CLE,71.0,227.0,12/27/95,4.52,29.0,38.5,128.0,4.25,7.09,32.0,9.625,35.0,Georgia,Southeastern (SEC),24.0,1.0,7,18
CC-2350,Corey,Clement,Corey Clement,RB,2017,PHI,70.0,221.0,11/2/94,4.68,19.0,32.0,120.0,4.17,6.71,30.5,9.75,0.0,Wisconsin,Big Ten,30.0,3.0,10,6
TC-1975,Tarik,Cohen,Tarik Cohen,RB,2017,CHI,66.0,179.0,7/26/95,4.42,11.0,31.5,118.0,4.27,7.22,29.75,10.125,119.0,North Carolina A&T,Mid-Eastern Athletic (MEAC),29.0,1.0,6,18
TC-2050,Tevin,Coleman,Tevin Coleman,RB,2015,SF,71.0,206.0,4/16/93,4.4,22.0,0.0,0.0,0.0,0.0,32.0,8.625,73.0,Indiana,Big Ten,26.0,3.0,4,2
JC-4075,James,Conner,James Conner,RB,2017,PIT,73.0,233.0,5/5/95,4.65,20.0,29.0,113.0,4.4,7.14,31.25,9.875,105.0,Pittsburgh,Atlantic Coast (ACC),30.0,1.0,7,10
DC-3550,Dalvin,Cook,Dalvin Cook,RB,2017,MIN,70.0,210.0,8/10/95,4.49,22.0,30.5,116.0,4.53,7.27,32.375,9.25,41.0,Florida State,Atlantic Coast (ACC),33.0,1.0,12,16
MD-0150,Mike,Davis,Mike Davis,RB,2015,CAR,72.0,197.0,2/19/93,4.5,10.0,32.5,117.0,4.39,7.11,30.25,9.375,126.0,South Carolina,Southeastern (SEC),27.0,3.0,7,18
DD-0681,Dalyn,Dawkins,Dalyn Dawkins,RB,2018,TEN,69.0,175.0,12/12/94,4.62,9.0,31.0,117.0,4.45,7.12,0.0,0.0,0.0,Colorado State,Mountain West (MWC),28.0,2.0,11,18
JD-1650,James,Develin,James Develin,RB,2010,NE,75.0,260.0,7/23/88,0.0,0.0,0.0,0.0,0.0,0.0,0.0,0.0,0.0,Brown,Ivy League,46.0,3.0,10,3
PD-0700,Patrick,DiMarco,Patrick DiMarco,RB,2011,BUF,73.0,240.0,4/30/89,0.0,0.0,0.0,0.0,0.0,0.0,0.0,0.0,0.0,South Carolina,Southeastern (SEC),42.0,1.0,6,18
KD-1462,Kenyan,Drake,Kenyan Drake,RB,2016,ARI,73.0,210.0,1/26/94,4.31,10.0,34.5,123.0,4.21,7.04,31.75,9.75,73.0,Alabama,Southeastern (SEC),41.0,1.0,12,18
CE-0175,Chase,Edmonds,Chase Edmonds,RB,2018,ARI,69.0,205.0,4/13/96,4.55,19.0,34.0,122.0,4.07,6.79,31.125,9.125,134.0,Fordham,0,29.0,3.0,12,9
TE-0025,Trey,Edmunds,Trey Edmunds,RB,2017,PIT,74.0,227.0,12/30/94,4.48,0.0,35.5,122.0,0.0,7.25,0.0,0.0,0.0,Maryland,Big Ten,33.0,1.0,7,18
GE-0150,Gus,Edwards,Gus Edwards,RB,2018,BAL,73.0,235.0,4/13/95,4.53,17.0,34.5,123.0,4.24,7.22,0.0,0.0,0.0,Rutgers,Big Ten,35.0,2.0,8,18
AE-0550,Austin,Ekeler,Austin Ekeler,RB,2017,LAC,69.0,191.0,5/17/95,4.67,0.0,0.0,0.0,0.0,0.0,0.0,0.0,0.0,Western State (CO),0,30.0,2.0,12,18
EE-0250,Ezekiel,Elliott,Ezekiel Elliott,RB,2016,DAL,72.0,225.0,7/22/95,4.45,0.0,32.5,118.0,0.0,0.0,31.25,9.25,4.0,Ohio State,Big Ten,21.0,1.0,8,18
TE-0350,Tyler,Ervin,Tyler Ervin,RB,2016,GB,70.0,192.0,10/7/93,4.36,17.0,39.0,130.0,4.34,7.03,29.75,9.125,119.0,San Jose State,Mountain West (MWC),32.0,4.0,11,18
JF-1250,Josh,Ferguson,Josh Ferguson,RB,2016,WAS,70.0,198.0,5/23/93,4.43,21.0,34.5,120.0,0.0,0.0,0.0,0.0,0.0,Illinois,Big Ten,40.0,3.0,10,18
DF-1375,D.J.,Foster,D.J. Foster,RB,2016,ARI,70.0,193.0,11/22/93,4.53,14.0,36.0,117.0,4.07,6.75,0.0,0.0,0.0,Arizona State,Pacific 12,37.0,3.0,12,7
LF-0650,Leonard,Fournette,Leonard Fournette,RB,2017,JAC,72.0,240.0,1/18/95,4.51,0.0,28.5,0.0,0.0,0.0,31.625,9.25,4.0,LSU,Southeastern (SEC),27.0,1.0,10,18
DF-1875,Devonta,Freeman,Devonta Freeman,RB,2014,ATL,68.0,206.0,3/15/92,4.51,14.0,32.0,118.0,4.26,7.11,29.375,9.625,103.0,Florida State,Atlantic Coast (ACC),24.0,1.0,9,11
RF-1400,Royce,Freeman,Royce Freeman,RB,2018,DEN,71.0,229.0,2/24/96,4.54,17.0,34.0,118.0,4.16,6.9,32.0,9.5,71.0,Oregon,Pacific 12,28.0,2.0,10,18
WG-0050,Wayne,Gallman,Wayne Gallman,RB,2017,NYG,72.0,215.0,10/1/94,4.6,21.0,30.5,120.0,4.28,7.17,32.625,9.125,140.0,Clemson,Atlantic Coast (ACC),22.0,3.0,11,6
MG-0293,Myles,Gaskin,Myles Gaskin,RB,2019,MIA,69.0,205.0,2/15/97,4.57,24.0,35.5,118.0,4.27,7.19,29.5,8.625,234.0,Washington,Pacific 12,37.0,1.0,5,17
CG-1015,Cullen,Gillaspia,Cullen Gillaspia,RB,2019,HOU,74.0,235.0,5/12/95,4.54,20.0,32.5,112.0,4.28,6.95,30.75,9.125,220.0,Texas A&M,Southeastern (SEC),44.0,1.0,10,18
MG-1150,Melvin,Gordon,Melvin Gordon,RB,2015,LAC,73.0,215.0,4/13/93,4.33,19.0,35.0,126.0,4.07,7.04,32.375,9.75,15.0,Wisconsin,Big Ten,25.0,1.0,12,18
FG-0200,Frank,Gore,Frank Gore,RB,2005,BUF,69.0,217.0,5/14/83,4.55,0.0,34.0,109.0,4.11,6.91,0.0,0.0,65.0,Miami (FL),Atlantic Coast (ACC),20.0,1.0,6,18
DG-3200,Derrius,Guice,Derrius Guice,RB,2018,WAS,70.0,224.0,6/21/97,4.49,15.0,31.5,0.0,0.0,0.0,30.75,9.75,59.0,LSU,Southeastern (SEC),29.0,2.0,10,2
TG-1950,Todd,Gurley,Todd Gurley,RB,2015,LA,73.0,222.0,8/3/94,4.42,17.0,0.0,0.0,0.0,0.0,32.5,10.0,10.0,Georgia,Southeastern (SEC),30.0,1.0,9,18
CH-0525,C.J.,Ham,C.J. Ham,RB,2016,MIN,73.0,240.0,7/22/93,4.69,22.0,37.0,118.0,4.35,7.4,0.0,0.0,0.0,Augustana,0,30.0,1.0,12,18
DH-1362,Damien,Harris,Damien Harris,RB,2019,NE,70.0,216.0,2/11/97,4.57,16.0,37.0,121.0,0.0,0.0,30.75,9.75,87.0,Alabama,Southeastern (SEC),37.0,3.0,10,18
DH-2325,Darrell,Henderson,Darrell Henderson,RB,2019,LA,68.0,208.0,8/19/97,4.53,22.0,33.5,121.0,4.41,7.03,31.0,8.625,70.0,Memphis,American Athletic,27.0,4.0,9,17
DH-2450,Derrick,Henry,Derrick Henry,RB,2016,TEN,75.0,247.0,7/17/94,4.52,22.0,37.0,130.0,4.38,7.2,33.0,8.75,45.0,Alabama,Southeastern (SEC),22.0,1.0,11,18
BH-1225,Brian,Hill,Brian Hill,RB,2017,ATL,73.0,219.0,11/9/95,4.54,15.0,34.0,125.0,4.32,7.03,31.375,8.875,156.0,Wyoming,Mountain West (MWC),23.0,2.0,9,18
JH-4085,Justice,Hill,Justice Hill,RB,2019,BAL,70.0,198.0,11/14/97,4.4,21.0,40.0,130.0,0.0,0.0,31.625,9.5,113.0,Oklahoma State,Big 12,43.0,3.0,8,18
DH-3137,Dontrell,Hilliard,Dontrell Hilliard,RB,2018,CLE,71.0,205.0,2/26/95,4.44,21.0,34.5,125.0,4.38,6.87,0.0,0.0,0.0,Tulane,American Athletic,25.0,4.0,7,2
JH-4250,Jonathan,Hilliman,Jonathan Hilliman,RB,2019,NYG,72.0,220.0,11/14/95,4.49,20.0,34.5,120.0,4.26,7.12,33.0,8.75,0.0,Rutgers,Big Ten,28.0,4.0,11,18
WH-0762,Wes,Hills,Wes Hills,RB,2019,DET,73.0,214.0,6/5/95,4.59,0.0,0.0,0.0,0.0,0.0,32.375,8.875,0.0,Slippery Rock,0,36.0,5.0,5,18
NH-1237,Nyheim,Hines,Nyheim Hines,RB,2018,IND,68.0,198.0,11/12/96,4.38,11.0,35.5,121.0,4.27,6.9,30.75,8.875,104.0,North Carolina State,Atlantic Coast (ACC),21.0,2.0,6,18
TH-2337,Travis,Homer,Travis Homer,RB,2019,SEA,70.0,201.0,8/7/98,4.48,17.0,39.5,130.0,4.31,7.07,31.5,10.0,204.0,Miami (FL),Atlantic Coast (ACC),25.0,1.0,11,18
JH-5575,Jordan,Howard,Jordan Howard,RB,2016,PHI,72.0,230.0,11/2/94,4.59,16.0,34.0,122.0,4.34,7.14,32.25,9.0,150.0,Indiana,Big Ten,24.0,1.0,10,13
GH-1162,Gregory,Howell,Gregory Howell,RB,2018,HOU,73.0,215.0,3/27/96,4.58,19.0,27.5,116.0,4.51,7.55,0.0,0.0,0.0,Florida Atlantic,Conference USA (C-USA),38.0,3.0,10,18
KH-2850,Kareem,Hunt,Kareem Hunt,RB,2017,CLE,70.0,216.0,8/6/95,4.62,18.0,36.5,119.0,4.53,7.22,31.375,9.625,86.0,Toledo,Mid-American (MAC),27.0,1.0,7,18
CH-5000,Carlos,Hyde,Carlos Hyde,RB,2014,HOU,72.0,230.0,9/20/91,4.61,19.0,34.5,114.0,0.0,0.0,32.0,9.625,57.0,Ohio State,Big Ten,23.0,2.0,10,18
AI-0050,Alec,Ingold,Alec Ingold,RB,2019,OAK,73.0,242.0,7/9/96,4.89,16.0,34.0,116.0,4.32,7.35,31.5,9.625,0.0,Wisconsin,Big Ten,45.0,1.0,6,18
MI-0100,Mark,Ingram,Mark Ingram,RB,2011,BAL,69.0,215.0,12/21/89,4.62,21.0,31.5,113.0,4.62,7.13,30.625,9.375,28.0,Alabama,Southeastern (SEC),21.0,1.0,8,17
JJ-0575,Justin,Jackson,Justin Jackson,RB,2018,LAC,72.0,199.0,4/22/96,4.52,13.0,38.5,122.0,4.07,6.81,30.625,9.25,251.0,Northwestern,Big Ten,22.0,3.0,12,4
JJ-0587,Josh,Jacobs,Josh Jacobs,RB,2019,OAK,70.0,220.0,2/11/98,4.64,18.0,35.0,112.0,0.0,0.0,31.625,10.125,24.0,Alabama,Southeastern (SEC),28.0,1.0,6,16
AJ-0375,Andy,Janovich,Andy Janovich,RB,2016,DEN,73.0,238.0,5/23/93,4.75,30.0,34.0,119.0,4.32,7.28,31.625,9.75,176.0,Nebraska,Big Ten,32.0,4.0,10,1
DJ-1325,David,Johnson,David Johnson,RB,2015,ARI,73.0,224.0,12/16/91,4.51,25.0,41.5,127.0,4.27,6.82,31.25,9.625,86.0,Northern Iowa,Missouri Valley,31.0,2.0,12,18
DJ-0887,D'Ernest,Johnson,D'Ernest Johnson,RB,2019,CLE,70.0,204.0,2/27/96,0.0,0.0,0.0,0.0,0.0,0.0,0.0,0.0,0.0,South Florida,American Athletic,30.0,2.0,7,18
KJ-0587,Kerryon,Johnson,Kerryon Johnson,RB,2018,DET,71.0,213.0,6/30/97,4.52,11.0,40.0,126.0,4.29,7.07,32.5,9.75,43.0,Auburn,Southeastern (SEC),33.0,1.0,5,8
TJ-2275,Ty,Johnson,Ty Johnson,RB,2019,DET,70.0,213.0,9/17/97,4.4,13.0,34.5,123.0,0.0,0.0,30.125,9.125,186.0,Maryland,Big Ten,31.0,3.0,5,18
DJ-1850,Duke,Johnson,Duke Johnson,RB,2015,HOU,69.0,207.0,9/23/93,4.5,18.0,35.0,121.0,4.16,6.88,30.375,9.25,77.0,Miami (FL),Atlantic Coast (ACC),25.0,1.0,10,18
JJ-2518,Jakob,Johnson,Jakob Johnson,RB,2019,NE,75.0,253.0,12/15/94,0.0,0.0,0.0,0.0,0.0,0.0,0.0,0.0,0.0,Tennessee,Southeastern (SEC),47.0,5.0,10,7
AJ-1143,Aaron,Jones,Aaron Jones,RB,2017,GB,69.0,208.0,12/2/94,4.56,16.0,37.5,127.0,4.2,6.82,32.5,9.5,182.0,Texas-El Paso,Conference USA (C-USA),33.0,1.0,11,18
TJ-2400,Taiwan,Jones,Taiwan Jones,RB,2011,HOU,72.0,194.0,7/26/88,4.53,13.0,0.0,0.0,0.0,0.0,29.5,8.75,125.0,Eastern Washington,Big Sky,34.0,3.0,10,14
RJ-2250,Ronald,Jones,Ronald Jones,RB,2018,TB,71.0,205.0,8/3/97,4.39,0.0,36.5,0.0,0.0,0.0,31.125,8.75,38.0,USC,Pacific 12,27.0,1.0,7,18
KJ-1400,Kyle,Juszczyk,Kyle Juszczyk,RB,2013,SF,73.0,248.0,4/23/91,4.71,24.0,37.0,121.0,4.19,6.93,31.25,9.125,130.0,Harvard,Ivy League,44.0,1.0,4,6
AK-0050,Alvin,Kamara,Alvin Kamara,RB,2017,NO,70.0,214.0,7/25/95,4.56,15.0,39.5,131.0,4.35,7.1,32.75,9.25,67.0,Tennessee,Southeastern (SEC),41.0,1.0,9,7
JK-0775,John,Kelly,John Kelly,RB,2018,LA,70.0,216.0,10/4/96,4.64,15.0,35.0,120.0,4.22,7.13,31.375,9.375,176.0,Tennessee,Southeastern (SEC),42.0,3.0,9,18
PL-0012,Patrick,Laird,Patrick Laird,RB,2019,MIA,72.0,201.0,8/17/95,4.56,0.0,34.0,120.0,4.14,6.9,30.0,9.375,0.0,California,Pacific 12,42.0,1.0,5,18
DL-1700,Dion,Lewis,Dion Lewis,RB,2011,TEN,67.0,193.0,9/27/90,4.56,17.0,34.5,112.0,4.18,6.9,28.125,8.625,149.0,Pittsburgh,Big East,33.0,2.0,11,18
PL-0275,Phillip,Lindsay,Phillip Lindsay,RB,2018,DEN,67.0,185.0,7/24/94,4.43,14.0,35.5,124.0,4.31,7.12,0.0,0.0,0.0,Colorado,Pacific 12,30.0,1.0,10,18
ZL-0200,Zach,Line,Zach Line,RB,2013,NO,72.0,232.0,4/26/90,4.77,26.0,33.0,117.0,4.4,7.12,30.75,8.75,0.0,SMU,Conference USA (C-USA),42.0,1.0,9,12
TL-1037,T.J.,Logan,T.J. Logan,RB,2017,TB,69.0,196.0,9/3/94,4.37,17.0,33.5,121.0,4.27,6.61,32.0,9.0,179.0,North Carolina,Atlantic Coast (ACC),22.0,1.0,7,14
ML-2500,Marshawn,Lynch,Marshawn Lynch,RB,2007,SEA,71.0,215.0,4/22/86,4.46,20.0,35.5,125.0,4.58,7.09,32.5,9.625,12.0,California,Pacific 10,24.0,2.0,11,18
MM-0050,Marlon,Mack,Marlon Mack,RB,2017,IND,71.0,213.0,3/7/96,4.5,15.0,35.5,125.0,0.0,0.0,32.0,9.0,143.0,South Florida,American Athletic,25.0,1.0,6,12
AM-0825,Alexander,Mattison,Alexander Mattison,RB,2019,MIN,71.0,221.0,6/19/98,4.63,22.0,35.0,127.0,4.29,7.13,31.5,9.125,102.0,Boise State,Mountain West (MWC),25.0,2.0,12,15
CM-1225,Christian,McCaffrey,Christian McCaffrey,RB,2017,CAR,71.0,202.0,6/7/96,4.48,10.0,37.5,121.0,4.22,6.57,30.0,9.0,8.0,Stanford,Pacific 12,22.0,1.0,7,18
RM-2050,Ray-Ray,McCloud,Ray-Ray McCloud,RB,2018,BUF,69.0,190.0,10/15/96,4.53,13.0,34.5,113.0,4.32,6.89,30.25,9.25,187.0,Clemson,Atlantic Coast (ACC),14.0,5.0,6,18
LM-1000,LeSean,McCoy,LeSean McCoy,RB,2009,KC,70.0,198.0,7/12/88,0.0,0.0,0.0,0.0,0.0,0.0,31.75,8.875,53.0,Pittsburgh,Big East,25.0,2.0,12,18
SM-2625,Sony,Michel,Sony Michel,RB,2018,NE,71.0,214.0,2/17/95,4.54,22.0,0.0,0.0,4.21,0.0,31.25,9.125,31.0,Georgia,Southeastern (SEC),26.0,1.0,10,18
JM-5275,Joe,Mixon,Joe Mixon,RB,2017,CIN,73.0,226.0,7/24/96,4.45,21.0,35.0,118.0,4.27,7.1,0.0,0.0,48.0,Oklahoma,Big 12,28.0,1.0,9,18
DM-2787,David,Montgomery,David Montgomery,RB,2019,CHI,70.0,222.0,6/7/97,4.6,15.0,28.5,121.0,4.23,7.12,31.0,9.375,73.0,Iowa State,Big 12,32.0,2.0,6,18
TM-3150,Ty,Montgomery,Ty Montgomery,RB,2015,NYJ,72.0,221.0,1/22/93,4.5,16.0,40.5,121.0,4.21,6.97,31.0,10.125,94.0,Stanford,Pacific 12,88.0,2.0,4,18
AM-2850,Alfred,Morris,Alfred Morris,RB,2012,ARI,70.0,219.0,12/12/88,4.61,16.0,35.5,117.0,4.19,7.01,31.375,10.25,173.0,Florida Atlantic,Sun Belt,0.0,0.0,12,18
RM-5050,Raheem,Mostert,Raheem Mostert,RB,2015,SF,71.0,190.0,4/9/92,4.38,20.0,40.0,132.0,4.3,6.9,30.875,9.75,0.0,Purdue,Big Ten,31.0,1.0,4,18
LM-1850,Latavius,Murray,Latavius Murray,RB,2013,NO,74.0,223.0,1/18/90,4.38,22.0,36.0,124.0,4.36,6.81,33.25,9.125,181.0,Central Florida,Conference USA (C-USA),28.0,2.0,9,18
RN-0025,Ryan,Nall,Ryan Nall,RB,2018,CHI,74.0,232.0,12/27/95,4.58,15.0,34.0,122.0,4.16,6.95,0.0,0.0,0.0,Oregon State,Pacific 12,35.0,3.0,6,18
RN-1250,Roosevelt,Nix,Roosevelt Nix,RB,2014,PIT,71.0,265.0,3/30/92,4.79,22.0,28.0,110.0,4.39,6.97,0.0,0.0,0.0,Kent State,Mid-American (MAC),45.0,2.0,7,2
DO-0025,Dare,Ogunbowale,Dare Ogunbowale,RB,2017,TB,71.0,213.0,5/4/94,4.65,14.0,35.0,120.0,4.21,6.99,31.375,9.125,0.0,Wisconsin,Big Ten,44.0,3.0,7,18
JO-0550,Jamize,Olawale,Jamize Olawale,RB,2012,DAL,73.0,238.0,4/17/89,0.0,0.0,0.0,0.0,0.0,0.0,0.0,0.0,0.0,North Texas,Sun Belt,49.0,1.0,8,18
QO-0200,Qadree,Ollison,Qadree Ollison,RB,2019,ATL,73.0,228.0,9/8/96,4.58,19.0,29.5,114.0,4.31,7.53,31.5,9.625,152.0,Pittsburgh,Atlantic Coast (ACC),30.0,4.0,9,18
RO-0550,Ricky,Ortiz,Ricky Ortiz,RB,2017,NO,72.0,235.0,4/15/94,4.9,26.0,33.5,118.0,4.46,7.19,0.0,0.0,0.0,Oregon State,Pacific 12,30.0,4.0,9,18
DO-0600,Devine,Ozigbo,Devine Ozigbo,RB,2019,JAC,71.0,219.0,10/2/96,4.65,19.0,37.0,124.0,4.27,6.95,31.0,9.25,0.0,Nebraska,Big Ten,33.0,3.0,10,18
EP-0350,Elijhaa,Penny,Elijhaa Penny,RB,2016,NYG,73.0,233.0,8/17/93,4.81,21.0,28.5,108.0,4.55,7.2,0.0,0.0,0.0,Idaho,Sun Belt,39.0,2.0,11,18
RP-0550,Rashaad,Penny,Rashaad Penny,RB,2018,SEA,71.0,220.0,2/2/96,4.46,13.0,32.5,120.0,0.0,0.0,31.25,9.25,27.0,San Diego State,Mountain West (MWC),20.0,5.0,11,16
SP-0825,Samaje,Perine,Samaje Perine,RB,2017,MIA,71.0,233.0,9/16/95,4.65,30.0,33.0,116.0,4.37,7.26,30.375,10.0,114.0,Oklahoma,Big 12,29.0,3.0,5,18
PP-0350,Paul,Perkins,Paul Perkins,RB,2016,DET,70.0,208.0,11/16/94,4.43,19.0,32.0,124.0,0.0,0.0,31.625,9.0,149.0,UCLA,Pacific 12,0.0,0.0,5,18
SP-0850,Senorise,Perry,Senorise Perry,RB,2014,BUF,72.0,187.0,9/19/91,4.4,18.0,37.0,126.0,4.43,6.89,31.5,9.5,0.0,Louisville,American Athletic,32.0,4.0,6,18
AP-0700,Adrian,Peterson,Adrian Peterson,RB,2007,WAS,73.0,217.0,3/21/85,4.4,0.0,38.5,127.0,4.4,7.09,32.25,9.5,7.0,Oklahoma,Big 12,26.0,1.0,10,18
TP-1650,Tony,Pollard,Tony Pollard,RB,2019,DAL,72.0,210.0,4/30/97,4.52,13.0,35.0,121.0,4.37,7.0,30.0,9.5,128.0,Memphis,American Athletic,20.0,2.0,8,18
TP-1950,Troymaine,Pope,Troymaine Pope,RB,2016,LAC,67.0,205.0,11/26/93,4.55,25.0,35.0,120.0,4.21,6.87,0.0,0.0,0.0,Jacksonville State,Ohio Valley,35.0,4.0,12,18
BP-1200,Bilal,Powell,Bilal Powell,RB,2011,NYJ,70.0,204.0,10/27/88,4.54,18.0,0.0,0.0,0.0,0.0,30.75,8.625,126.0,Louisville,Big East,29.0,3.0,4,15
CP-2550,C.J.,Prosise,C.J. Prosise,RB,2016,SEA,72.0,220.0,5/20/94,4.33,0.0,35.5,121.0,4.42,7.19,32.125,8.5,90.0,Notre Dame,FBS Independents,22.0,2.0,11,17
PR-0125,Patrick,Ricard,Patrick Ricard,RB,2017,BAL,76.0,280.0,5/27/94,5.03,33.0,33.5,106.0,4.55,7.52,0.0,0.0,0.0,Maine,Colonial Athletic (CAA),42.0,1.0,8,18
JR-2075,Jalen,Richard,Jalen Richard,RB,2016,OAK,68.0,207.0,10/15/93,4.6,13.0,35.5,114.0,4.95,7.36,0.0,0.0,0.0,Southern Mississippi,Conference USA (C-USA),30.0,2.0,6,18
JS-0280,Jaylen,Samuels,Jaylen Samuels,RB,2018,PIT,71.0,225.0,7/20/96,4.54,18.0,34.5,121.0,4.28,6.93,31.375,9.25,165.0,North Carolina State,Atlantic Coast (ACC),38.0,2.0,7,6
MS-0125,Miles,Sanders,Miles Sanders,RB,2019,PHI,71.0,211.0,5/1/97,4.49,20.0,36.0,124.0,4.19,6.89,30.625,9.25,53.0,Penn State,Big Ten,26.0,2.0,10,18
BS-0825,Bo,Scarbrough,Bo Scarbrough,RB,2018,DET,73.0,228.0,9/29/96,4.52,14.0,40.0,129.0,4.34,0.0,33.5,10.5,236.0,Alabama,Southeastern (SEC),43.0,2.0,5,18
JS-0825,Jordan,Scarlett,Jordan Scarlett,RB,2019,CAR,71.0,208.0,2/9/96,4.47,21.0,30.0,116.0,4.63,7.37,30.375,9.0,154.0,Florida,Southeastern (SEC),20.0,3.0,7,13
BS-1450,Boston,Scott,Boston Scott,RB,2018,PHI,67.0,203.0,4/27/95,4.4,21.0,38.5,121.0,4.15,6.67,0.0,0.0,201.0,Louisiana Tech,Conference USA (C-USA),38.0,3.0,10,18
AS-0900,Anthony,Sherman,Anthony Sherman,RB,2011,KC,70.0,242.0,12/11/88,4.74,32.0,32.5,111.0,4.41,7.23,30.0,9.375,136.0,Connecticut,Big East,42.0,1.0,12,18
DS-2177,Devin,Singletary,Devin Singletary,RB,2019,BUF,67.0,203.0,9/3/97,4.66,15.0,35.0,117.0,4.4,7.32,28.875,8.5,74.0,Florida Atlantic,Conference USA (C-USA),26.0,2.0,6,3
WS-0650,Wendell,Smallwood,Wendell Smallwood,RB,2016,WAS,70.0,208.0,1/20/94,4.42,18.0,33.5,120.0,4.28,6.83,30.5,9.25,153.0,West Virginia,Big 12,34.0,2.0,10,18
IS-0250,Ito,Smith,Ito Smith,RB,2018,ATL,69.0,198.0,9/11/95,0.0,0.0,0.0,0.0,0.0,0.0,0.0,0.0,126.0,Southern Mississippi,Conference USA (C-USA),25.0,2.0,9,8
KS-1450,Keith,Smith,Keith Smith,RB,2014,ATL,73.0,230.0,4/8/92,5.01,26.0,31.0,113.0,4.53,6.87,0.0,0.0,0.0,San Jose State,Mountain West (MWC),40.0,1.0,9,18
BS-2950,Benny,Snell Jr.,Benny Snell Jr.,RB,2019,PIT,70.0,224.0,2/27/98,4.66,16.0,29.5,119.0,4.33,7.07,31.0,9.375,122.0,Kentucky,Southeastern (SEC),24.0,3.0,7,18
DS-3300,Darren,Sproles,Darren Sproles,RB,2005,PHI,66.0,185.0,6/20/83,4.47,23.0,33.0,105.0,3.96,6.96,28.0,8.0,130.0,Kansas State,Big 12,43.0,3.0,10,6
DT-1231,Darwin,Thompson,Darwin Thompson,RB,2019,KC,69.0,195.0,2/12/97,4.55,23.0,39.0,126.0,4.3,6.93,29.75,8.375,214.0,Utah State,Mountain West (MWC),34.0,3.0,12,18
CT-1220,Chris,Thompson,Chris Thompson,RB,2013,WAS,67.0,192.0,10/20/90,4.42,21.0,0.0,0.0,0.0,0.0,30.25,9.25,154.0,Florida State,Atlantic Coast (ACC),25.0,1.0,10,7
DT-1992,De'Lance,Turner,De'Lance Turner,RB,2018,MIA,73.0,214.0,8/23/95,4.55,24.0,37.0,120.0,4.45,7.48,0.0,0.0,0.0,Alcorn State,Southwestern Athletic (SWAC),34.0,2.0,5,18
DV-0550,Dan,Vitale,Dan Vitale,RB,2016,GB,73.0,239.0,10/26/93,4.52,30.0,38.5,123.0,4.12,7.12,31.75,9.75,197.0,Northwestern,Big Ten,45.0,1.0,11,18
MW-0650,Mark,Walton,Mark Walton,RB,2018,MIA,70.0,202.0,3/29/97,4.6,18.0,31.5,118.0,4.45,7.0,30.0,9.25,112.0,Miami (FL),Atlantic Coast (ACC),0.0,0.0,5,18
SW-0350,Spencer,Ware,Spencer Ware,RB,2013,KC,70.0,228.0,11/23/91,4.62,17.0,35.5,119.0,4.27,7.07,30.125,9.625,194.0,LSU,Southeastern (SEC),39.0,3.0,12,17
DW-1550,Dwayne,Washington,Dwayne Washington,RB,2016,NO,73.0,223.0,4/24/94,4.42,21.0,37.5,127.0,4.22,6.85,0.0,0.0,236.0,Washington,Pacific 12,27.0,3.0,9,18
DW-1350,DeAndre,Washington,DeAndre Washington,RB,2016,OAK,68.0,204.0,2/22/93,4.46,24.0,34.5,118.0,4.2,7.03,30.0,9.0,143.0,Texas Tech,Big 12,33.0,3.0,6,18
DW-1750,Derek,Watt,Derek Watt,RB,2016,LAC,74.0,235.0,11/7/92,4.75,19.0,33.5,116.0,4.29,0.0,0.0,0.0,198.0,Wisconsin,Big Ten,34.0,1.0,12,18
TW-1325,Trevon,Wesco,Trevon Wesco,RB,2019,NYJ,75.0,267.0,9/12/95,4.89,24.0,31.0,117.0,4.38,7.18,34.75,9.5,121.0,West Virginia,Big 12,85.0,2.0,4,18
JW-2550,James,White,James White,RB,2014,NE,69.0,204.0,2/3/92,4.57,23.0,32.0,114.0,4.2,7.05,29.25,8.25,130.0,Wisconsin,Big Ten,28.0,1.0,10,18
KW-0922,Kerrith,Whyte Jr.,Kerrith Whyte Jr.,RB,2019,PIT,70.0,200.0,10/31/96,4.37,21.0,42.0,132.0,4.37,7.2,29.875,9.5,222.0,Florida Atlantic,Conference USA (C-USA),40.0,4.0,7,18
JW-3325,Jordan,Wilkins,Jordan Wilkins,RB,2018,IND,73.0,216.0,7/18/94,4.71,16.0,37.0,123.0,4.22,0.0,30.125,9.375,169.0,Mississippi,Southeastern (SEC),20.0,3.0,6,17
DW-3906,Dexter,Williams,Dexter Williams,RB,2019,GB,71.0,212.0,1/6/97,4.57,17.0,36.0,130.0,4.16,7.0,32.25,9.625,194.0,Notre Dame,FBS Independents,22.0,3.0,11,18
JW-3650,Jamaal,Williams,Jamaal Williams,RB,2017,GB,72.0,212.0,4/3/95,4.59,18.0,33.0,123.0,4.26,7.12,31.25,10.0,134.0,Brigham Young,FBS Independents,30.0,2.0,11,5
JW-4625,Jonathan,Williams,Jonathan Williams,RB,2016,IND,71.0,220.0,2/2/94,4.63,16.0,0.0,0.0,4.29,6.97,31.625,10.0,156.0,Arkansas,Southeastern (SEC),33.0,4.0,6,1
DW-3125,Damien,Williams,Damien Williams,RB,2014,KC,71.0,222.0,4/3/92,4.45,16.0,35.5,121.0,4.25,7.37,30.625,9.125,0.0,Oklahoma,Big 12,26.0,3.0,12,3
DW-3243,Darrel,Williams,Darrel Williams,RB,2018,KC,72.0,225.0,4/15/95,4.72,22.0,32.0,109.0,4.21,7.2,0.0,0.0,0.0,LSU,Southeastern (SEC),31.0,3.0,12,14
JW-4975,Jeff,Wilson,Jeff Wilson,RB,2018,SF,71.0,210.0,11/16/95,4.6,15.0,35.0,110.0,4.29,7.2,0.0,0.0,0.0,North Texas,Conference USA (C-USA),30.0,4.0,4,18
TY-0150,T.J.,Yeldon,T.J. Yeldon,RB,2015,BUF,73.0,226.0,10/2/93,4.52,22.0,36.0,117.0,4.22,7.19,31.625,9.0,36.0,Alabama,Southeastern (SEC),22.0,3.0,6,18
ZZ-0100,Zach,Zenner,Zach Zenner,RB,2015,NO,71.0,223.0,9/13/91,4.5,25.0,41.0,121.0,4.14,7.08,32.0,9.625,0.0,South Dakota State,Missouri Valley,0.0,0.0,9,18
JA-0462,Jordan,Akins,Jordan Akins,TE,2018,HOU,75.0,249.0,4/19/92,4.93,24.0,35.0,122.0,4.38,7.29,33.5,9.25,98.0,Central Florida,American Athletic,88.0,2.0,10,18
MA-0487,Mo,Alie-Cox,Mo Alie-Cox,TE,2017,IND,78.0,260.0,9/19/93,0.0,0.0,0.0,0.0,0.0,0.0,0.0,0.0,0.0,Virginia Commonwealth,0,81.0,2.0,6,18
MA-1050,Mark,Andrews,Mark Andrews,TE,2018,BAL,77.0,256.0,9/6/95,4.58,17.0,31.0,113.0,4.38,7.34,32.5,9.5,86.0,Oklahoma,Big 12,89.0,2.0,8,18
DA-1650,Dan,Arnold,Dan Arnold,TE,2017,ARI,77.0,225.0,3/15/95,4.63,12.0,39.5,127.0,4.3,6.81,0.0,0.0,0.0,Wisconsin-Platteville,0,82.0,2.0,12,18
AA-0581,Antony,Auclair,Antony Auclair,TE,2017,TB,78.0,256.0,5/28/93,4.9,22.0,33.5,117.0,4.37,7.3,0.0,0.0,0.0,Laval,0,82.0,5.0,7,10
BB-1550,Blake,Bell,Blake Bell,TE,2015,KC,78.0,252.0,8/7/91,4.77,18.0,33.0,116.0,4.32,6.85,33.125,10.0,117.0,Oklahoma,Big 12,81.0,2.0,12,11
NB-0450,Nick,Boyle,Nick Boyle,TE,2015,BAL,76.0,268.0,2/17/93,5.0,20.0,30.5,112.0,4.23,7.13,33.375,10.375,171.0,Delaware,Colonial Athletic (CAA),86.0,1.0,8,18
CB-2775,Cameron,Brate,Cameron Brate,TE,2014,TB,76.0,245.0,7/3/91,4.79,24.0,33.5,117.0,4.48,7.16,31.75,9.875,0.0,Harvard,Ivy League,84.0,1.0,7,18
BB-2712,Ben,Braunecker,Ben Braunecker,TE,2016,CHI,75.0,250.0,2/7/94,4.68,20.0,37.5,121.0,4.2,6.9,0.0,0.0,0.0,Harvard,Ivy League,82.0,4.0,6,13
PB-0725,Pharaoh,Brown,Pharaoh Brown,TE,2017,CLE,77.0,246.0,5/4/94,4.83,24.0,34.0,103.0,4.46,7.24,0.0,0.0,0.0,Oregon,Pacific 12,86.0,2.0,7,9
DB-4387,Daniel,Brown,Daniel Brown,TE,2015,NYJ,77.0,225.0,5/26/92,4.6,11.0,31.5,116.0,4.18,6.86,0.0,0.0,0.0,James Madison,Colonial Athletic (CAA),87.0,1.0,4,18
TB-3950,Trey,Burton,Trey Burton,TE,2014,CHI,74.0,224.0,10/29/91,4.58,0.0,33.0,113.0,4.31,7.01,31.0,9.375,0.0,Florida,Southeastern (SEC),80.0,1.0,6,11
SC-0175,Stephen,Carlson,Stephen Carlson,TE,2019,CLE,76.0,230.0,12/12/96,4.77,18.0,32.5,123.0,4.19,6.97,32.0,9.75,0.0,Princeton,Ivy League,89.0,3.0,7,18
DC-0775,Derek,Carrier,Derek Carrier,TE,2012,OAK,76.0,238.0,7/25/90,4.51,15.0,38.0,122.0,4.08,6.65,32.0,0.0,0.0,Wisconsin-Beloit,0,85.0,2.0,6,18
CC-0775,Cethan,Carter,Cethan Carter,TE,2017,CIN,75.0,237.0,9/5/93,4.68,21.0,0.0,0.0,0.0,0.0,32.375,9.0,0.0,Nebraska,Big Ten,82.0,3.0,9,13
GC-0350,Garrett,Celek,Garrett Celek,TE,2012,SF,77.0,252.0,5/29/88,0.0,0.0,0.0,0.0,0.0,0.0,31.125,0.0,0.0,Michigan State,Big Ten,88.0,2.0,4,15
CC-2100,Charles,Clay,Charles Clay,TE,2011,ARI,75.0,250.0,2/13/89,4.69,18.0,33.5,118.0,4.15,7.07,33.0,9.5,174.0,Tulsa,Conference USA (C-USA),85.0,1.0,12,18
TC-2375,Tyler,Conklin,Tyler Conklin,TE,2018,MIN,75.0,254.0,7/30/95,4.8,18.0,38.0,120.0,4.23,7.13,33.25,9.5,157.0,Central Michigan,Mid-American (MAC),83.0,3.0,12,18
JC-4300,Jared,Cook,Jared Cook,TE,2009,NO,77.0,248.0,4/7/87,4.49,23.0,41.0,123.0,0.0,0.0,35.75,10.25,89.0,South Carolina,Southeastern (SEC),87.0,1.0,9,7
SC-1850,Sean,Culkin,Sean Culkin,TE,2017,LAC,77.0,250.0,6/11/93,4.71,21.0,35.5,120.0,4.46,7.2,0.0,0.0,0.0,Missouri,Southeastern (SEC),80.0,4.0,12,5
DD-0075,Darrell,Daniels,Darrell Daniels,TE,2017,ARI,75.0,235.0,11/22/94,4.55,17.0,32.0,115.0,4.47,7.09,34.5,10.25,0.0,Washington,Pacific 12,81.0,3.0,12,17
VD-0100,Vernon,Davis,Vernon Davis,TE,2006,WAS,75.0,250.0,1/31/84,4.38,33.0,42.0,128.0,4.17,7.0,0.0,0.0,6.0,Maryland,Atlantic Coast (ACC),85.0,1.0,10,5
SD-0534,Seth,DeValve,Seth DeValve,TE,2016,JAC,74.0,244.0,1/29/93,4.68,22.0,40.0,125.0,4.18,6.96,0.0,0.0,138.0,Princeton,Ivy League,88.0,1.0,10,12
WD-0550,Will,Dissly,Will Dissly,TE,2018,SEA,76.0,262.0,7/8/96,4.87,15.0,31.0,111.0,4.4,7.07,33.25,9.75,120.0,Washington,Pacific 12,88.0,3.0,11,7
JD-2550,Jack,Doyle,Jack Doyle,TE,2013,IND,75.0,254.0,5/5/90,4.86,0.0,0.0,0.0,0.0,0.0,0.0,0.0,0.0,Western Kentucky,Sun Belt,84.0,1.0,6,18
RD-2300,Ross,Dwelley,Ross Dwelley,TE,2018,SF,76.0,240.0,1/26/95,0.0,0.0,0.0,0.0,0.0,0.0,0.0,0.0,0.0,San Diego,0,82.0,2.0,4,18
EE-0050,Eric,Ebron,Eric Ebron,TE,2014,IND,76.0,250.0,4/10/93,4.56,24.0,32.0,120.0,4.45,7.49,33.25,10.0,10.0,North Carolina,Atlantic Coast (ACC),85.0,5.0,6,13
TE-0300,Tyler,Eifert,Tyler Eifert,TE,2013,CIN,78.0,250.0,9/8/90,4.65,22.0,35.5,119.0,4.32,6.92,33.125,9.125,21.0,Notre Dame,FBS Independents,85.0,2.0,9,18
RE-0400,Rhett,Ellison,Rhett Ellison,TE,2012,NYG,77.0,250.0,10/3/88,4.78,0.0,31.5,109.0,0.0,0.0,32.75,10.25,128.0,USC,Pacific 12,85.0,3.0,11,12
EE-0400,Evan,Engram,Evan Engram,TE,2017,NYG,75.0,234.0,9/2/94,4.42,19.0,36.0,124.0,4.23,6.92,33.5,10.0,23.0,Mississippi,Southeastern (SEC),88.0,2.0,11,6
ZE-0100,Zach,Ertz,Zach Ertz,TE,2013,PHI,77.0,249.0,11/10/90,4.67,24.0,35.5,114.0,4.47,7.08,31.75,9.75,35.0,Stanford,Pacific 12,86.0,1.0,10,17
GE-0400,Gerald,Everett,Gerald Everett,TE,2017,LA,75.0,239.0,6/25/94,4.62,22.0,37.5,125.0,4.33,6.99,33.0,8.5,44.0,South Alabama,Sun Belt,81.0,2.0,9,13
NF-0175,Noah,Fant,Noah Fant,TE,2019,DEN,76.0,249.0,11/20/97,4.5,20.0,39.5,127.0,4.22,6.81,33.5,9.75,20.0,Iowa,Big Ten,87.0,2.0,10,18
DF-0550,Darren,Fells,Darren Fells,TE,2013,HOU,79.0,281.0,4/22/86,0.0,0.0,0.0,0.0,0.0,0.0,0.0,0.0,0.0,California-Davis,Big Sky,87.0,1.0,10,18
AF-0550,Anthony,Firkser,Anthony Firkser,TE,2017,TEN,74.0,230.0,2/19/95,4.82,21.0,31.5,110.0,4.29,7.06,0.0,0.0,0.0,Harvard,Ivy League,86.0,1.0,11,18
TF-1500,Troy,Fumagalli,Troy Fumagalli,TE,2018,DEN,77.0,247.0,2/17/95,4.84,14.0,0.0,0.0,0.0,0.0,32.125,10.25,156.0,Wisconsin,Big Ten,84.0,3.0,10,18
ZG-0012,Zach,Gentry,Zach Gentry,TE,2019,PIT,80.0,262.0,9/10/96,4.77,12.0,29.5,110.0,4.53,7.4,33.875,9.5,141.0,Michigan,Big Ten,81.0,3.0,7,18
MG-0325,Mike,Gesicki,Mike Gesicki,TE,2018,MIA,77.0,247.0,10/3/95,4.54,22.0,41.5,129.0,4.1,6.76,34.125,10.25,42.0,Penn State,Big Ten,88.0,1.0,5,18
DG-1287,Dallas,Goedert,Dallas Goedert,TE,2018,PHI,77.0,256.0,1/3/95,4.67,23.0,35.0,121.0,4.31,7.02,34.875,10.25,49.0,South Dakota State,Missouri Valley,88.0,2.0,10,18
JG-2687,Jaeden,Graham,Jaeden Graham,TE,2018,ATL,76.0,230.0,10/10/95,0.0,0.0,0.0,0.0,0.0,0.0,0.0,0.0,0.0,Yale,Ivy League,87.0,3.0,9,18
JG-2900,Jimmy,Graham,Jimmy Graham,TE,2010,GB,78.0,259.0,11/24/86,4.53,0.0,38.5,120.0,4.45,6.9,35.0,10.625,95.0,Miami (FL),Atlantic Coast (ACC),80.0,1.0,11,18
VG-0300,Virgil,Green,Virgil Green,TE,2011,LAC,75.0,249.0,8/3/88,4.54,23.0,42.5,130.0,4.4,6.9,33.5,9.25,204.0,Nevada,Western Athletic,88.0,2.0,12,4
RG-1870,Ryan,Griffin,Ryan Griffin,TE,2013,NYJ,78.0,247.0,1/11/90,4.87,21.0,34.5,113.0,4.43,7.01,33.25,0.0,201.0,Connecticut,Big East,84.0,3.0,4,15
XG-0100,Xavier,Grimble,Xavier Grimble,TE,2014,IND,76.0,257.0,9/2/92,4.9,16.0,30.5,110.0,4.79,7.41,33.625,10.25,0.0,USC,Pacific 12,0.0,1.0,6,4
DH-1450,Demetrius,Harris,Demetrius Harris,TE,2013,CLE,79.0,230.0,7/29/91,4.56,0.0,0.0,0.0,0.0,0.0,34.25,0.0,0.0,Wisconsin-Milwaukee,0,88.0,1.0,7,18
HH-0225,Hunter,Henry,Hunter Henry,TE,2016,LAC,77.0,250.0,12/7/94,4.68,21.0,31.5,113.0,4.41,7.16,32.75,9.25,35.0,Arkansas,Southeastern (SEC),86.0,1.0,12,2
HH-0237,Hale,Hentges,Hale Hentges,TE,2019,WAS,76.0,246.0,8/19/96,5.04,12.0,33.5,107.0,4.53,7.39,33.25,9.25,0.0,Alabama,Southeastern (SEC),88.0,2.0,10,18
CH-2950,Chris,Herndon,Chris Herndon,TE,2018,NYJ,76.0,253.0,2/23/96,4.78,21.0,34.0,116.0,4.59,7.38,32.875,9.25,107.0,Miami (FL),Atlantic Coast (ACC),89.0,4.0,4,11
JH-3625,Jeff,Heuerman,Jeff Heuerman,TE,2015,DEN,77.0,254.0,11/24/92,4.81,26.0,34.5,120.0,0.0,0.0,33.25,10.125,92.0,Ohio State,Big Ten,82.0,1.0,10,9
TH-1550,Tyler,Higbee,Tyler Higbee,TE,2016,LA,78.0,249.0,1/1/93,4.77,0.0,0.0,0.0,0.0,0.0,33.25,10.25,110.0,Western Kentucky,Conference USA (C-USA),89.0,1.0,9,3
JH-4070,Josh,Hill,Josh Hill,TE,2013,NO,77.0,229.0,5/21/90,4.67,20.0,36.5,127.0,4.19,7.0,33.0,9.0,0.0,Idaho State,Big Sky,89.0,2.0,9,18
TH-1875,T.J.,Hockenson,T.J. Hockenson,TE,2019,DET,77.0,251.0,7/3/97,4.7,17.0,37.5,123.0,4.18,7.02,32.25,9.5,8.0,Iowa,Big Ten,88.0,3.0,5,14
JH-4850,Jacob,Hollister,Jacob Hollister,TE,2017,SEA,76.0,239.0,11/18/93,4.64,0.0,36.5,121.0,4.34,7.12,0.0,0.0,0.0,Wyoming,Mountain West (MWC),48.0,2.0,11,18
JH-5150,J.P.,Holtz,J.P. Holtz,TE,2016,CHI,75.0,242.0,8/28/93,4.79,20.0,33.0,112.0,4.33,6.92,0.0,0.0,0.0,Pittsburgh,Atlantic Coast (ACC),81.0,1.0,6,18
AH-3650,Austin,Hooper,Austin Hooper,TE,2016,ATL,76.0,254.0,11/4/94,4.69,19.0,33.0,117.0,4.32,7.0,33.75,10.625,81.0,Stanford,Pacific 12,81.0,1.0,9,11
JH-5350,Jesper,Horsted,Jesper Horsted,TE,2019,CHI,75.0,224.0,2/27/97,4.77,14.0,32.0,118.0,0.0,0.0,32.125,9.875,0.0,Princeton,Ivy League,49.0,3.0,6,18
OH-0250,O.J.,Howard,O.J. Howard,TE,2017,TB,78.0,251.0,11/19/94,4.51,22.0,30.0,121.0,4.16,6.85,33.75,10.0,19.0,Alabama,Southeastern (SEC),80.0,1.0,7,8
TH-2875,Tanner,Hudson,Tanner Hudson,TE,2018,TB,77.0,239.0,11/12/94,0.0,0.0,0.0,0.0,0.0,0.0,0.0,0.0,0.0,Southern Arkansas,0,88.0,2.0,7,16
HH-0350,Hayden,Hurst,Hayden Hurst,TE,2018,BAL,76.0,250.0,8/24/93,4.67,16.0,32.0,120.0,4.37,7.19,32.75,9.75,25.0,South Carolina,Southeastern (SEC),81.0,3.0,8,18
RI-0500,Ryan,Izzo,Ryan Izzo,TE,2018,NE,77.0,256.0,12/21/95,4.94,18.0,33.0,110.0,4.43,7.15,32.125,9.25,250.0,Florida State,Atlantic Coast (ACC),85.0,3.0,10,7
JJ-0725,Jesse,James,Jesse James,TE,2015,DET,79.0,261.0,6/4/94,4.69,26.0,37.5,121.0,4.5,7.53,33.0,9.375,160.0,Penn State,Big Ten,83.0,1.0,5,18
BJ-0950,Blake,Jarwin,Blake Jarwin,TE,2017,DAL,77.0,244.0,7/16/94,4.73,21.0,34.5,121.0,4.39,7.44,0.0,0.0,0.0,Oklahoma State,Big 12,89.0,2.0,8,18
CJ-2075,Charles,Jones,Charles Jones,TE,2019,JAC,75.0,254.0,8/5/96,0.0,0.0,0.0,0.0,0.0,0.0,0.0,0.0,0.0,Tulane,American Athletic,85.0,2.0,10,18
TK-0150,Travis,Kelce,Travis Kelce,TE,2013,KC,77.0,255.0,10/5/89,4.61,0.0,35.0,124.0,4.42,7.09,33.75,9.625,63.0,Cincinnati,Big East,87.0,1.0,12,18
LK-0200,Lance,Kendricks,Lance Kendricks,TE,2011,LAC,75.0,243.0,1/30/88,4.65,25.0,34.5,122.0,4.15,6.94,32.0,9.5,47.0,Wisconsin,Big Ten,87.0,3.0,12,18
GK-0075,George,Kittle,George Kittle,TE,2017,SF,76.0,247.0,10/9/93,4.52,18.0,38.5,132.0,0.0,7.0,33.125,9.25,146.0,Iowa,Big Ten,85.0,1.0,4,18
DK-0950,Dawson,Knox,Dawson Knox,TE,2019,BUF,76.0,254.0,11/14/96,4.59,16.0,34.5,122.0,4.27,7.12,33.5,9.75,96.0,Mississippi,Southeastern (SEC),88.0,1.0,6,18
BK-1050,Ben,Koyack,Ben Koyack,TE,2015,JAC,77.0,255.0,4/9/93,4.79,16.0,30.0,116.0,4.52,7.32,32.625,10.75,229.0,Notre Dame,FBS Independents,83.0,1.0,10,18
TK-0850,Tyler,Kroft,Tyler Kroft,TE,2015,BUF,77.0,246.0,10/15/92,4.65,17.0,34.0,120.0,4.5,7.18,33.0,9.625,85.0,Rutgers,Big Ten,81.0,2.0,6,3
ML-0050,Matt,LaCosse,Matt LaCosse,TE,2015,NE,78.0,250.0,9/21/92,4.71,20.0,30.0,116.0,4.57,7.3,31.0,8.375,0.0,Illinois,Big Ten,83.0,2.0,10,7
ML-1500,Marcedes,Lewis,Marcedes Lewis,TE,2006,GB,78.0,275.0,5/19/84,4.8,23.0,37.0,118.0,4.84,7.24,35.0,0.0,28.0,UCLA,Pacific 10,89.0,2.0,11,18
CM-0175,Chris,Manhertz,Chris Manhertz,TE,2014,CAR,78.0,255.0,4/10/92,4.86,0.0,0.0,0.0,0.0,0.0,0.0,0.0,0.0,Canisius,0,82.0,3.0,7,5
VM-0250,Vance,McDonald,Vance McDonald,TE,2013,PIT,76.0,267.0,6/13/90,4.6,31.0,33.5,119.0,4.53,7.08,34.375,10.125,55.0,Rice,Conference USA (C-USA),89.0,1.0,7,15
FM-0675,Foster,Moreau,Foster Moreau,TE,2019,OAK,76.0,253.0,5/6/97,4.66,22.0,36.5,121.0,4.11,7.16,33.5,9.625,137.0,LSU,Southeastern (SEC),87.0,1.0,6,15
JM-6775,Johnny,Mundt,Johnny Mundt,TE,2017,LA,76.0,231.0,11/23/94,4.74,21.0,30.0,113.0,4.24,7.21,0.0,0.0,0.0,Oregon,Pacific 12,82.0,3.0,9,18
IN-0050,Isaac,Nauta,Isaac Nauta,TE,2019,DET,75.0,244.0,5/21/97,4.86,19.0,28.0,114.0,4.43,7.45,31.875,9.375,224.0,Georgia,Southeastern (SEC),89.0,3.0,5,18
DN-1225,David,Njoku,David Njoku,TE,2017,CLE,76.0,246.0,7/10/96,4.64,21.0,40.0,133.0,4.34,6.97,35.25,10.0,29.0,Miami (FL),Atlantic Coast (ACC),85.0,1.0,7,3
NO-0150,Nick,O'Leary,Nick O'Leary,TE,2015,JAC,75.0,252.0,8/31/92,4.92,21.0,30.5,110.0,4.5,7.4,29.75,9.375,194.0,Florida State,Atlantic Coast (ACC),86.0,2.0,10,18
JO-0150,James,O'Shaughnessy,James O'Shaughnessy,TE,2015,JAC,76.0,248.0,1/14/92,4.68,16.0,35.0,116.0,4.38,7.2,32.125,9.75,173.0,Illinois State,Missouri Valley,80.0,2.0,10,6
JO-0562,Josh,Oliver,Josh Oliver,TE,2019,JAC,77.0,249.0,3/21/97,4.63,22.0,34.0,117.0,4.47,7.21,33.5,10.75,69.0,San Jose State,Mountain West (MWC),89.0,2.0,10,1
GO-0100,Greg,Olsen,Greg Olsen,TE,2007,CAR,78.0,255.0,3/11/85,4.51,23.0,35.5,114.0,4.48,7.04,32.375,9.625,31.0,Miami (FL),Atlantic Coast (ACC),88.0,1.0,7,14
JP-2075,Josh,Perkins,Josh Perkins,TE,2016,PHI,75.0,225.0,8/5/93,4.65,12.0,34.0,126.0,4.38,7.04,0.0,0.0,0.0,Washington,Pacific 12,81.0,3.0,10,18
MP-2350,MyCole,Pruitt,MyCole Pruitt,TE,2015,TEN,74.0,251.0,3/24/92,4.52,17.0,38.0,118.0,4.37,7.25,33.5,10.25,143.0,Southern Illinois,Missouri Valley,85.0,2.0,11,18
KR-1200,Kyle,Rudolph,Kyle Rudolph,TE,2011,MIN,78.0,258.0,11/9/89,0.0,0.0,0.0,0.0,0.0,0.0,34.0,10.625,43.0,Notre Dame,FBS Independents,82.0,1.0,12,18
DS-0050,Drew,Sample,Drew Sample,TE,2019,CIN,77.0,255.0,4/16/96,4.71,0.0,33.5,115.0,4.31,7.15,33.375,9.625,52.0,Washington,Pacific 12,89.0,5.0,9,11
ES-0250,Eric,Saubert,Eric Saubert,TE,2017,CHI,77.0,253.0,5/1/94,4.69,22.0,35.5,121.0,4.59,7.34,33.5,10.375,174.0,Drake,0,43.0,4.0,6,18
DS-0850,Dalton,Schultz,Dalton Schultz,TE,2018,DAL,77.0,244.0,7/11/96,4.75,20.0,32.0,120.0,4.4,7.0,31.25,9.5,137.0,Stanford,Pacific 12,86.0,3.0,8,18
RS-0687,Ricky,Seals-Jones,Ricky Seals-Jones,TE,2017,CLE,77.0,243.0,3/15/95,4.69,17.0,31.0,121.0,4.33,7.46,33.125,9.625,0.0,Texas A&M,Southeastern (SEC),83.0,2.0,7,18
AS-0775,Adam,Shaheen,Adam Shaheen,TE,2017,CHI,78.0,278.0,10/24/93,4.79,24.0,32.5,121.0,4.38,7.09,33.5,9.625,45.0,Ashland,0,87.0,3.0,6,11
SS-1525,Scott,Simonson,Scott Simonson,TE,2014,NYG,76.0,243.0,4/13/92,4.87,24.0,30.5,111.0,4.62,7.38,32.0,9.25,0.0,Assumption,0,82.0,4.0,11,1
LS-1550,Lee,Smith,Lee Smith,TE,2011,BUF,78.0,269.0,11/21/87,4.94,25.0,29.0,108.0,4.28,7.16,34.375,9.75,159.0,Marshall,Conference USA (C-USA),85.0,3.0,6,18
KS-1375,Kaden,Smith,Kaden Smith,TE,2019,NYG,77.0,255.0,4/24/97,4.92,15.0,32.0,108.0,4.47,7.08,32.25,9.625,176.0,Stanford,Pacific 12,82.0,1.0,11,18
JS-4550,Jonnu,Smith,Jonnu Smith,TE,2017,TEN,75.0,248.0,2/22/95,4.62,22.0,38.0,126.0,4.18,7.43,32.875,9.25,100.0,Florida International,Conference USA (C-USA),81.0,1.0,11,18
IS-0275,Irv,Smith Jr.,Irv Smith Jr.,TE,2019,MIN,74.0,242.0,8/9/98,4.63,19.0,32.5,110.0,4.33,7.32,31.5,9.5,50.0,Alabama,Southeastern (SEC),84.0,2.0,12,18
DS-3137,Durham,Smythe,Durham Smythe,TE,2018,MIA,77.0,253.0,8/9/95,4.81,18.0,31.0,110.0,4.23,7.17,31.75,9.25,123.0,Notre Dame,FBS Independents,81.0,2.0,5,18
JS-5475,Jeremy,Sprinkle,Jeremy Sprinkle,TE,2017,WAS,77.0,252.0,8/10/94,4.69,15.0,30.5,116.0,4.53,7.1,34.5,10.75,154.0,Arkansas,Southeastern (SEC),87.0,1.0,10,18
JS-6325,Jace,Sternberger,Jace Sternberger,TE,2019,GB,76.0,251.0,6/26/96,4.75,17.0,31.5,113.0,4.31,7.19,32.125,9.75,75.0,Texas A&M,Southeastern (SEC),87.0,4.0,11,1
LS-1900,Luke,Stocker,Luke Stocker,TE,2011,ATL,77.0,253.0,7/17/88,4.68,27.0,33.0,115.0,4.4,7.03,33.0,9.625,104.0,Tennessee,Southeastern (SEC),80.0,2.0,9,18
GS-1400,Geoff,Swaim,Geoff Swaim,TE,2015,JAC,76.0,252.0,3/19/91,4.71,0.0,35.5,124.0,4.58,7.28,33.625,10.0,246.0,Texas,Big 12,87.0,1.0,10,7
TS-3656,Tommy,Sweeney,Tommy Sweeney,TE,2019,BUF,76.0,251.0,7/1/95,4.84,17.0,32.0,115.0,4.31,7.17,32.75,9.75,228.0,Boston College,Atlantic Coast (ACC),89.0,4.0,6,18
TS-3662,Tyrone,Swoopes,Tyrone Swoopes,TE,2017,SEA,75.0,249.0,11/14/94,4.75,19.0,35.0,115.0,4.36,6.89,0.0,0.0,0.0,Texas,Big 12,46.0,3.0,11,18
IT-0150,Ian,Thomas,Ian Thomas,TE,2018,CAR,76.0,259.0,6/6/96,4.65,0.0,36.0,123.0,4.2,7.15,32.5,10.5,101.0,Indiana,Big Ten,80.0,2.0,7,18
LT-0275,Logan,Thomas,Logan Thomas,TE,2014,DET,78.0,248.0,7/1/91,4.54,0.0,35.5,118.0,4.18,7.05,34.25,10.875,120.0,Virginia Tech,Atlantic Coast (ACC),82.0,2.0,5,18
JT-1775,Jordan,Thomas,Jordan Thomas,TE,2018,HOU,77.0,265.0,8/2/96,4.74,16.0,29.5,111.0,4.64,7.41,34.125,11.625,211.0,Mississippi State,Southeastern (SEC),83.0,3.0,10,1
LT-0550,Levine,Toilolo,Levine Toilolo,TE,2013,SF,80.0,260.0,7/30/91,4.79,19.0,33.5,117.0,4.57,7.09,34.5,10.25,133.0,Stanford,Pacific 12,83.0,3.0,4,18
ET-0375,Eric,Tomlinson,Eric Tomlinson,TE,2015,OAK,78.0,261.0,4/22/92,4.77,23.0,31.0,110.0,4.54,7.46,32.875,10.0,0.0,Texas-El Paso,Conference USA (C-USA),82.0,3.0,6,18
RT-1250,Robert,Tonyan Jr.,Robert Tonyan Jr.,TE,2017,GB,77.0,236.0,4/30/94,4.58,16.0,35.0,125.0,4.34,7.12,0.0,0.0,0.0,Indiana State,Missouri Valley,85.0,3.0,11,18
RT-1550,Ross,Travis,Ross Travis,TE,2015,NYJ,78.0,225.0,1/9/93,0.0,0.0,0.0,0.0,0.0,0.0,0.0,0.0,0.0,Penn State,Big Ten,0.0,3.0,4,18
CU-0150,C.J.,Uzomah,C.J. Uzomah,TE,2015,CIN,78.0,262.0,1/14/93,4.62,19.0,31.0,118.0,4.57,7.22,34.125,9.375,157.0,Auburn,Southeastern (SEC),87.0,1.0,9,18
JV-0050,Jason,Vander Laan,Jason Vander Laan,TE,2016,NO,75.0,239.0,9/22/92,4.78,27.0,30.5,119.0,4.16,6.76,0.0,0.0,0.0,Ferris State,0,86.0,5.0,9,14
NV-0050,Nick,Vannett,Nick Vannett,TE,2016,PIT,78.0,257.0,3/6/93,4.89,17.0,30.5,113.0,4.2,7.05,34.25,10.0,94.0,Ohio State,Big Ten,88.0,2.0,7,18
CW-0225,Clive,Walford,Clive Walford,TE,2015,MIA,76.0,251.0,10/1/91,4.7,20.0,35.0,120.0,4.57,7.32,34.0,10.25,68.0,Miami (FL),Atlantic Coast (ACC),87.0,3.0,5,18
DW-0500,Delanie,Walker,Delanie Walker,TE,2006,TEN,73.0,242.0,8/12/84,0.0,0.0,0.0,0.0,0.0,0.0,32.0,0.0,175.0,Central Missouri State,0,82.0,1.0,11,8
DW-0675,Darren,Waller,Darren Waller,TE,2015,OAK,78.0,238.0,9/13/92,4.43,12.0,37.0,125.0,4.25,7.07,33.25,9.0,204.0,Georgia Tech,Atlantic Coast (ACC),83.0,1.0,6,18
BW-0700,Benjamin,Watson,Benjamin Watson,TE,2004,NE,75.0,255.0,12/18/80,4.57,34.0,35.5,123.0,4.15,7.39,33.0,10.0,32.0,Georgia,Southeastern (SEC),84.0,1.0,10,18
MW-2450,Maxx,Williams,Maxx Williams,TE,2015,ARI,76.0,249.0,4/12/94,4.78,17.0,34.5,117.0,4.37,7.3,33.5,10.375,55.0,Minnesota,Big Ten,87.0,1.0,12,18
LW-1450,Luke,Willson,Luke Willson,TE,2013,SEA,77.0,250.0,1/15/90,4.51,23.0,38.0,122.0,4.29,7.08,32.25,9.375,158.0,Rice,Conference USA (C-USA),82.0,1.0,11,18
JW-6000,Jason,Witten,Jason Witten,TE,2003,DAL,78.0,261.0,5/6/82,4.65,25.0,31.0,0.0,0.0,0.0,0.0,0.0,69.0,Tennessee,Southeastern (SEC),82.0,1.0,8,18
DY-0075,Deon,Yelder,Deon Yelder,TE,2018,KC,75.0,249.0,3/6/95,4.79,18.0,33.0,120.0,4.64,7.32,0.0,0.0,0.0,Western Kentucky,Conference USA (C-USA),82.0,3.0,12,18
DA-0212,Davante,Adams,Davante Adams,WR,2014,GB,73.0,212.0,12/24/92,4.56,14.0,39.5,127.0,4.3,6.82,32.625,9.0,53.0,Fresno State,Mountain West (MWC),17.0,1.0,11,5
NA-0050,Nelson,Agholor,Nelson Agholor,WR,2015,PHI,72.0,198.0,5/24/93,4.37,12.0,36.5,125.0,4.34,6.83,32.25,9.25,20.0,USC,Pacific 12,13.0,1.0,10,17
KA-0650,Keenan,Allen,Keenan Allen,WR,2013,LAC,74.0,206.0,4/27/92,4.58,0.0,0.0,0.0,0.0,0.0,32.75,10.0,76.0,California,Pacific 12,13.0,1.0,12,18
GA-0250,Geronimo,Allison,Geronimo Allison,WR,2016,GB,75.0,196.0,1/18/94,4.62,0.0,34.5,127.0,4.28,7.4,0.0,0.0,0.0,Illinois,Big Ten,81.0,2.0,11,18
DA-0900,Danny,Amendola,Danny Amendola,WR,2008,DET,70.0,186.0,11/2/85,4.68,13.0,31.5,103.0,4.25,6.81,0.0,0.0,0.0,Texas Tech,Big 12,80.0,1.0,5,18
RA-1125,Robby,Anderson,Robby Anderson,WR,2016,NYJ,75.0,180.0,5/9/93,4.36,8.0,36.5,128.0,4.27,7.07,0.0,0.0,0.0,Temple,American Athletic,11.0,1.0,4,18
JA-1975,J.J.,Arcega-Whiteside,J.J. Arcega-Whiteside,WR,2019,PHI,74.0,225.0,12/31/96,4.5,0.0,34.0,119.0,4.41,7.23,33.25,9.5,57.0,Stanford,Pacific 12,19.0,1.0,10,18
MA-1287,Marcell,Ateman,Marcell Ateman,WR,2018,OAK,76.0,216.0,9/16/94,4.62,13.0,34.0,121.0,4.25,7.07,32.875,9.875,228.0,Oklahoma State,Big 12,88.0,4.0,6,18
TA-1050,Tavon,Austin,Tavon Austin,WR,2013,DAL,68.0,174.0,3/15/91,4.28,14.0,32.0,120.0,4.01,0.0,30.0,9.125,8.0,West Virginia,Big 12,10.0,2.0,8,2
CB-1130,Cole,Beasley,Cole Beasley,WR,2012,BUF,68.0,177.0,4/26/89,4.49,17.0,38.0,126.0,4.4,7.16,28.875,0.0,0.0,SMU,Conference USA (C-USA),10.0,1.0,6,18
OB-0075,Odell,Beckham Jr.,Odell Beckham Jr.,WR,2014,CLE,71.0,198.0,11/5/92,4.38,7.0,38.5,122.0,3.94,6.69,32.75,10.0,12.0,LSU,Southeastern (SEC),13.0,1.0,7,18
CB-1152,Chad,Beebe,Chad Beebe,WR,2018,MIN,69.0,185.0,6/1/94,4.68,0.0,32.5,117.0,4.18,6.88,0.0,0.0,0.0,Northern Illinois,Mid-American (MAC),12.0,1.0,12,4
JB-2950,Josh,Bellamy,Josh Bellamy,WR,2012,NYJ,72.0,206.0,5/18/89,0.0,0.0,0.0,0.0,0.0,0.0,34.5,0.0,0.0,Louisville,Big East,15.0,2.0,4,9
TB-1060,Travis,Benjamin,Travis Benjamin,WR,2012,LAC,70.0,175.0,12/29/89,4.31,14.0,38.0,119.0,0.0,0.0,31.75,8.75,100.0,Miami (FL),Atlantic Coast (ACC),12.0,1.0,12,7
BB-1950,Braxton,Berrios,Braxton Berrios,WR,2018,NYJ,69.0,184.0,10/6/95,4.44,11.0,36.0,110.0,4.18,6.72,28.0,9.25,210.0,Miami (FL),Atlantic Coast (ACC),10.0,2.0,4,18
CB-1650,Christian,Blake,Christian Blake,WR,2018,ATL,73.0,182.0,6/8/96,4.55,9.0,34.5,126.0,4.4,6.83,0.0,0.0,0.0,Northern Illinois,Mid-American (MAC),13.0,3.0,9,18
CB-1750,C.J.,Board,C.J. Board,WR,2017,JAC,74.0,174.0,12/12/93,4.42,9.0,38.5,132.0,4.06,6.67,30.625,9.375,0.0,Chattanooga,Southern,16.0,2.0,10,18
KB-1625,Kendrick,Bourne,Kendrick Bourne,WR,2017,SF,74.0,190.0,8/4/95,4.68,10.0,36.0,124.0,4.21,6.73,32.5,9.125,0.0,Eastern Washington,Big Sky,84.0,2.0,4,18
TB-2075,Tyler,Boyd,Tyler Boyd,WR,2016,CIN,73.0,197.0,11/15/94,4.54,11.0,34.0,119.0,4.35,6.9,32.0,9.75,55.0,Pittsburgh,Atlantic Coast (ACC),83.0,1.0,9,18
MB-3325,Miles,Boykin,Miles Boykin,WR,2019,BAL,76.0,220.0,10/12/96,4.42,12.0,43.5,140.0,4.07,6.77,33.5,9.875,93.0,Notre Dame,FBS Independents,80.0,1.0,8,18
MB-4075,Marquise,Brown,Marquise Brown,WR,2019,BAL,69.0,166.0,6/4/97,4.34,0.0,0.0,0.0,0.0,0.0,30.5,9.0,25.0,Oklahoma,Big 12,15.0,1.0,8,18
JB-6950,John,Brown,John Brown,WR,2014,BUF,70.0,179.0,4/3/90,4.34,8.0,36.5,119.0,4.12,6.91,30.5,8.5,91.0,Pittsburg State,0,15.0,1.0,6,18
FB-0750,Fred,Brown,Fred Brown,WR,2017,DEN,73.0,213.0,12/1/93,4.48,13.0,37.0,118.0,4.32,6.82,0.0,0.0,0.0,Mississippi State,Southeastern (SEC),19.0,3.0,10,18
AB-3500,Antonio,Brown,Antonio Brown,WR,2010,NE,70.0,186.0,7/10/88,4.56,13.0,33.5,105.0,4.18,6.98,31.0,9.0,195.0,Central Michigan,Mid-American (MAC),0.0,0.0,10,18
JB-6750,Jaron,Brown,Jaron Brown,WR,2013,SEA,74.0,205.0,1/8/90,4.42,17.0,35.5,124.0,4.07,6.82,31.75,0.0,0.0,Clemson,Atlantic Coast (ACC),18.0,2.0,11,18
AB-3150,A.J.,Brown,A.J. Brown,WR,2019,TEN,72.0,226.0,6/30/97,4.49,19.0,36.5,120.0,4.25,7.0,32.875,9.75,51.0,Mississippi,Southeastern (SEC),11.0,2.0,11,18
VB-0325,Ventell,Bryant,Ventell Bryant,WR,2019,DAL,75.0,198.0,8/24/96,4.61,12.0,34.5,121.0,4.25,6.97,33.125,9.75,0.0,Temple,American Athletic,83.0,3.0,8,18
DB-5912,Deontay,Burnett,Deontay Burnett,WR,2018,PHI,72.0,186.0,10/4/97,4.43,0.0,0.0,0.0,0.0,0.0,0.0,0.0,0.0,USC,Pacific 12,82.0,2.0,10,18
DB-6375,Damiere,Byrd,Damiere Byrd,WR,2015,ARI,69.0,162.0,1/27/93,4.27,13.0,42.0,131.0,4.09,6.59,29.875,8.0,0.0,South Carolina,Southeastern (SEC),14.0,1.0,12,4
DC-0025,Deon,Cain,Deon Cain,WR,2018,PIT,74.0,202.0,8/9/96,4.43,11.0,33.5,115.0,4.37,6.71,33.0,8.75,185.0,Clemson,Atlantic Coast (ACC),17.0,3.0,7,18
AC-0237,Antonio,Callaway,Antonio Callaway,WR,2018,CLE,71.0,200.0,1/9/97,4.41,7.0,34.0,121.0,4.33,7.0,31.5,9.5,105.0,Florida,Southeastern (SEC),0.0,0.0,7,18
PC-0050,Parris,Campbell,Parris Campbell,WR,2019,IND,72.0,205.0,3/8/96,4.31,11.0,40.0,135.0,4.03,0.0,32.25,9.5,59.0,Ohio State,Big Ten,15.0,2.0,6,5
AC-0387,Austin,Carr,Austin Carr,WR,2017,NO,72.0,201.0,12/25/93,4.62,16.0,33.5,116.0,4.07,6.7,0.0,0.0,0.0,Northwestern,Big Ten,80.0,4.0,9,12
DC-1050,DeAndre,Carter,DeAndre Carter,WR,2015,HOU,69.0,191.0,4/10/93,4.44,17.0,38.5,126.0,3.8,6.64,30.625,8.75,0.0,Sacramento State,Big Sky,14.0,2.0,10,18
DC-1418,D.J.,Chark,D.J. Chark,WR,2018,JAC,75.0,199.0,9/23/96,4.34,16.0,40.0,129.0,0.0,0.0,32.375,9.25,61.0,LSU,Southeastern (SEC),17.0,1.0,10,15
RC-1500,Randall,Cobb,Randall Cobb,WR,2011,DAL,70.0,192.0,8/22/90,4.46,16.0,33.5,115.0,4.34,7.08,31.0,9.375,64.0,Kentucky,Southeastern (SEC),18.0,1.0,8,18
KC-1550,Keelan,Cole,Keelan Cole,WR,2017,JAC,74.0,175.0,4/20/93,4.59,0.0,0.0,0.0,4.4,6.69,0.0,0.0,0.0,Kentucky Wesleyan,0,84.0,2.0,10,18
CC-3950,Chris,Conley,Chris Conley,WR,2015,JAC,74.0,213.0,10/25/92,4.33,18.0,45.0,139.0,4.3,7.06,33.75,9.875,76.0,Georgia,Southeastern (SEC),18.0,1.0,10,18
BC-2325,Brandin,Cooks,Brandin Cooks,WR,2014,LA,70.0,189.0,9/25/93,4.31,16.0,36.0,120.0,3.81,6.76,30.75,9.625,20.0,Oregon State,Pacific 12,12.0,1.0,9,10
PC-0625,Pharoh,Cooper,Pharoh Cooper,WR,2016,ARI,71.0,203.0,3/7/95,4.56,19.0,31.0,118.0,4.26,7.15,32.25,9.125,117.0,South Carolina,Southeastern (SEC),12.0,3.0,12,18
AC-2350,Amari,Cooper,Amari Cooper,WR,2015,DAL,73.0,211.0,6/17/94,4.31,0.0,34.0,120.0,3.98,6.71,31.5,10.0,4.0,Alabama,Southeastern (SEC),19.0,1.0,8,18
CC-4450,Cody,Core,Cody Core,WR,2016,NYG,75.0,205.0,4/17/94,4.37,14.0,37.5,119.0,4.34,6.78,32.0,10.375,199.0,Mississippi,Southeastern (SEC),17.0,2.0,11,18
KC-2375,Keke,Coutee,Keke Coutee,WR,2018,HOU,70.0,181.0,1/14/97,4.43,14.0,34.5,113.0,4.15,6.93,29.875,8.375,103.0,Texas Tech,Big 12,16.0,2.0,10,18
MC-2900,Michael,Crabtree,Michael Crabtree,WR,2009,ARI,73.0,214.0,9/14/87,0.0,0.0,0.0,0.0,0.0,0.0,34.25,9.25,10.0,Texas Tech,Big 12,0.0,0.0,12,18
JC-5680,Jamison,Crowder,Jamison Crowder,WR,2015,NYJ,68.0,185.0,6/17/93,4.37,10.0,37.0,123.0,4.26,6.99,30.375,8.75,105.0,Duke,Atlantic Coast (ACC),82.0,1.0,4,18
GD-0050,Geremy,Davis,Geremy Davis,WR,2015,LAC,74.0,216.0,1/10/92,4.49,23.0,36.5,124.0,4.18,6.86,32.25,9.5,186.0,Connecticut,American Athletic,11.0,3.0,12,13
TD-0737,Trevor,Davis,Trevor Davis,WR,2016,MIA,73.0,188.0,7/4/93,4.37,11.0,38.5,124.0,4.22,6.6,31.0,10.0,163.0,California,Pacific 12,77.0,2.0,5,18
RD-0450,Robert,Davis,Robert Davis,WR,2017,PHI,75.0,219.0,4/2/95,4.44,19.0,41.0,135.0,4.28,6.82,33.0,9.625,209.0,Georgia State,Sun Belt,14.0,2.0,10,18
CD-0975,Corey,Davis,Corey Davis,WR,2017,TEN,75.0,209.0,1/11/95,4.48,0.0,0.0,0.0,0.0,0.0,33.0,9.125,5.0,Western Michigan,Mid-American (MAC),84.0,1.0,11,18
RD-0150,Rashard,Davis,Rashard Davis,WR,2017,TEN,68.0,171.0,9/14/95,4.47,9.0,35.5,121.0,4.05,6.9,0.0,0.0,0.0,James Madison,Colonial Athletic (CAA),12.0,3.0,11,18
SD-0537,Stefon,Diggs,Stefon Diggs,WR,2015,MIN,72.0,195.0,11/29/93,4.42,11.0,35.0,115.0,4.11,7.03,31.25,10.0,146.0,Maryland,Big Ten,14.0,1.0,12,18
PD-0800,Phillip,Dorsett,Phillip Dorsett,WR,2015,NE,70.0,185.0,1/5/93,4.28,13.0,37.0,129.0,4.03,6.85,30.25,9.375,29.0,Miami (FL),Atlantic Coast (ACC),13.0,1.0,10,6
GD-0450,Greg,Dortch,Greg Dortch,WR,2019,LA,67.0,173.0,5/29/98,4.59,0.0,33.0,109.0,4.08,6.89,29.25,9.25,0.0,Wake Forest,Atlantic Coast (ACC),87.0,3.0,9,18
KD-1456,Keelan,Doss,Keelan Doss,WR,2019,OAK,74.0,211.0,3/21/96,4.57,8.0,36.0,124.0,0.0,0.0,31.5,9.5,0.0,California-Davis,Big Sky,18.0,3.0,6,18
AD-1587,Ashton,Dulin,Ashton Dulin,WR,2019,IND,73.0,215.0,5/15/97,4.43,13.0,38.0,121.0,4.22,7.0,33.375,9.0,0.0,Malone,0,16.0,2.0,6,18
JE-0100,Julian,Edelman,Julian Edelman,WR,2009,NE,70.0,198.0,5/22/86,0.0,0.0,0.0,0.0,0.0,0.0,0.0,0.0,232.0,Kent State,Mid-American (MAC),11.0,1.0,10,18
QE-0100,Quincy,Enunwa,Quincy Enunwa,WR,2014,NYJ,74.0,225.0,5/31/92,4.44,19.0,0.0,0.0,0.0,0.0,32.625,9.5,209.0,Nebraska,Big Ten,81.0,3.0,4,2
AE-1037,Alex,Erickson,Alex Erickson,WR,2016,CIN,72.0,198.0,11/6/92,4.54,14.0,34.5,116.0,4.1,6.68,0.0,0.0,0.0,Wisconsin,Big Ten,12.0,2.0,9,18
ME-0600,Mike,Evans,Mike Evans,WR,2014,TB,77.0,231.0,8/21/93,4.46,12.0,37.0,0.0,4.26,7.08,35.125,9.375,7.0,Texas A&M,Southeastern (SEC),13.0,3.0,7,15
LF-0200,Larry,Fitzgerald,Larry Fitzgerald,WR,2004,ARI,75.0,218.0,8/31/83,0.0,0.0,0.0,0.0,0.0,0.0,0.0,10.5,3.0,Pittsburgh,Big East,11.0,1.0,12,18
IF-0175,Isaiah,Ford,Isaiah Ford,WR,2017,MIA,73.0,194.0,2/9/96,4.61,14.0,35.5,126.0,4.29,6.94,32.625,9.25,237.0,Virginia Tech,Atlantic Coast (ACC),84.0,2.0,5,18
RF-1075,Robert,Foster,Robert Foster,WR,2018,BUF,74.0,196.0,5/7/94,4.41,0.0,33.5,116.0,4.2,6.9,0.0,0.0,0.0,Alabama,Southeastern (SEC),16.0,3.0,6,18
BF-0950,Bennie,Fowler,Bennie Fowler,WR,2014,NYG,73.0,217.0,6/10/91,4.49,18.0,36.0,126.0,4.18,7.06,32.0,9.5,0.0,Michigan State,Big Ten,0.0,0.0,11,18
TF-1450,Travis,Fulgham,Travis Fulgham,WR,2019,DET,74.0,215.0,9/13/95,4.55,15.0,36.5,126.0,4.22,6.84,33.625,9.5,184.0,Old Dominion,Conference USA (C-USA),14.0,2.0,5,18
WF-0300,Will,Fuller,Will Fuller,WR,2016,HOU,72.0,186.0,4/16/94,4.28,10.0,33.5,126.0,4.27,6.93,30.75,8.25,21.0,Notre Dame,FBS Independents,15.0,1.0,10,8
DF-2200,Devin,Funchess,Devin Funchess,WR,2015,IND,76.0,232.0,5/21/94,4.5,17.0,38.5,122.0,4.48,6.98,33.5,9.75,41.0,Michigan,Big Ten,17.0,2.0,6,2
TG-0025,Taylor,Gabriel,Taylor Gabriel,WR,2014,CHI,67.0,167.0,2/17/91,4.4,17.0,40.0,125.0,4.21,6.84,29.75,8.375,0.0,Abilene Christian,FCS Independents,18.0,1.0,6,4
RG-0012,Rico,Gafford,Rico Gafford,WR,2018,OAK,71.0,180.0,5/23/96,4.24,10.0,36.5,122.0,4.46,0.0,0.0,0.0,0.0,Wyoming,Mountain West (MWC),10.0,2.0,6,18
RG-0025,Russell,Gage,Russell Gage,WR,2018,ATL,72.0,179.0,1/22/96,4.5,15.0,39.0,122.0,4.25,7.03,0.0,0.0,194.0,LSU,Southeastern (SEC),83.0,2.0,9,18
MG-0175,Michael,Gallup,Michael Gallup,WR,2018,DAL,73.0,205.0,3/4/96,4.51,10.0,36.0,122.0,4.37,6.95,31.5,9.25,81.0,Colorado State,Mountain West (MWC),13.0,1.0,8,3
TG-0900,Ted,Ginn,Ted Ginn,WR,2007,NO,71.0,180.0,4/12/85,0.0,0.0,0.0,0.0,0.0,0.0,31.25,9.125,9.0,Ohio State,Big Ten,19.0,1.0,9,18
CG-1425,Chris,Godwin,Chris Godwin,WR,2017,TB,73.0,209.0,2/27/96,4.42,19.0,36.0,125.0,4.0,7.01,31.625,9.125,84.0,Penn State,Big Ten,12.0,1.0,7,16
KG-0650,Kenny,Golladay,Kenny Golladay,WR,2017,DET,76.0,218.0,11/3/93,4.5,18.0,35.5,120.0,4.15,7.0,32.0,9.75,96.0,Northern Illinois,Mid-American (MAC),19.0,1.0,5,18
MG-1050,Marquise,Goodwin,Marquise Goodwin,WR,2013,SF,69.0,183.0,11/19/90,4.21,13.0,42.0,135.0,4.09,6.66,31.5,8.625,78.0,Texas,Big 12,11.0,4.0,4,15
JG-2450,Josh,Gordon,Josh Gordon,WR,2012,SEA,75.0,225.0,4/13/91,0.0,0.0,0.0,0.0,0.0,0.0,33.333,10.0,0.0,Baylor,Big 12,10.0,1.0,11,7
RG-1650,Ryan,Grant,Ryan Grant,WR,2014,GB,72.0,199.0,12/19/90,4.62,8.0,35.5,119.0,4.11,6.68,31.0,9.625,142.0,Tulane,Conference USA (C-USA),11.0,3.0,11,18
JG-2950,Jakeem,Grant,Jakeem Grant,WR,2016,MIA,66.0,165.0,10/30/92,4.37,15.0,36.5,117.0,4.03,7.03,0.0,0.0,186.0,Texas Tech,Big 12,19.0,1.0,5,13
CG-2162,Cyril,Grayson,Cyril Grayson,WR,2017,TB,69.0,178.0,12/5/93,0.0,0.0,0.0,0.0,0.0,0.0,0.0,0.0,0.0,LSU,Southeastern (SEC),15.0,3.0,7,18
JG-4200,Jalen,Guyton,Jalen Guyton,WR,2019,LAC,73.0,208.0,6/7/97,4.39,13.0,37.5,125.0,4.09,6.9,32.0,9.25,0.0,North Texas,Conference USA (C-USA),8.0,3.0,12,18
MH-0225,Marvin,Hall,Marvin Hall,WR,2016,DET,70.0,188.0,4/10/93,4.4,15.0,40.0,125.0,4.24,6.86,0.0,0.0,0.0,Washington,Pacific 12,17.0,1.0,5,13
DH-1050,DaeSean,Hamilton,DaeSean Hamilton,WR,2018,DEN,73.0,203.0,3/10/95,4.52,16.0,34.5,123.0,4.15,6.84,31.0,9.375,113.0,Penn State,Big Ten,17.0,2.0,10,18
MH-0875,Mecole,Hardman,Mecole Hardman,WR,2019,KC,70.0,187.0,3/12/98,4.33,17.0,36.5,119.0,4.25,6.75,30.25,9.0,56.0,Georgia,Southeastern (SEC),17.0,2.0,12,18
JH-1350,Justin,Hardy,Justin Hardy,WR,2015,ATL,70.0,192.0,12/18/91,4.53,11.0,36.5,114.0,4.21,6.63,32.125,10.0,107.0,East Carolina,American Athletic,14.0,1.0,9,18
KH-0525,Kelvin,Harmon,Kelvin Harmon,WR,2019,WAS,74.0,221.0,12/15/96,4.6,18.0,32.5,117.0,4.32,7.15,32.5,9.5,206.0,North Carolina State,Atlantic Coast (ACC),13.0,1.0,10,18
DH-1487,Deonte,Harris,Deonte Harris,WR,2019,NO,66.0,170.0,12/4/97,4.48,10.0,33.0,114.0,4.16,6.82,28.25,8.75,0.0,Assumption,0,11.0,2.0,9,11
DH-1800,Dwayne,Harris,Dwayne Harris,WR,2011,OAK,70.0,200.0,9/16/87,4.53,10.0,34.0,111.0,4.21,6.77,31.125,10.125,176.0,East Carolina,Conference USA (C-USA),17.0,1.0,6,3
NH-0825,N'Keal,Harry,N'Keal Harry,WR,2019,NE,74.0,228.0,12/17/97,4.53,27.0,38.5,122.0,4.28,7.05,33.0,9.5,32.0,Arizona State,Pacific 12,15.0,2.0,10,1
RH-1950,Rashard,Higgins,Rashard Higgins,WR,2016,CLE,73.0,196.0,10/7/94,4.56,13.0,32.5,120.0,4.52,7.19,32.25,9.75,172.0,Colorado State,Mountain West (MWC),81.0,2.0,7,18
TH-1750,Tyreek,Hill,Tyreek Hill,WR,2016,KC,68.0,185.0,3/1/94,4.29,13.0,40.5,129.0,4.06,6.53,0.0,0.0,165.0,West Alabama,0,10.0,1.0,12,2
TH-1850,T.Y.,Hilton,T.Y. Hilton,WR,2012,IND,69.0,183.0,11/14/89,4.37,0.0,0.0,0.0,0.0,0.0,32.0,8.5,92.0,Florida International,Sun Belt,13.0,1.0,6,9
KH-2025,Khadarel,Hodge,Khadarel Hodge,WR,2018,CLE,74.0,201.0,1/3/95,4.59,0.0,38.0,124.0,0.0,0.0,0.0,0.0,0.0,Prairie View,0,12.0,2.0,7,18
CH-3350,Chris,Hogan,Chris Hogan,WR,2011,CAR,73.0,215.0,10/24/88,4.5,28.0,36.5,126.0,4.15,6.75,0.0,0.0,0.0,Monmouth,0,15.0,3.0,7,5
KH-2075,Krishawn,Hogan,Krishawn Hogan,WR,2017,NO,75.0,213.0,5/12/95,4.56,13.0,36.5,123.0,4.21,6.74,32.125,9.875,0.0,Marian,0,81.0,5.0,9,17
MH-3050,Mack,Hollins,Mack Hollins,WR,2017,MIA,76.0,221.0,9/16/93,4.53,0.0,0.0,0.0,0.0,0.0,33.25,9.75,118.0,North Carolina,Atlantic Coast (ACC),86.0,3.0,5,18
AH-3450,Alexander,Hollins,Alexander Hollins,WR,2019,MIN,72.0,162.0,11/24/96,4.49,5.0,37.0,128.0,4.18,6.89,30.25,8.5,0.0,Eastern Illinois,Ohio Valley,15.0,3.0,12,18
CH-3775,Cody,Hollister,Cody Hollister,WR,2017,TEN,76.0,209.0,11/18/93,4.59,24.0,0.0,0.0,0.0,0.0,0.0,0.0,0.0,Arkansas,Southeastern (SEC),16.0,2.0,11,18
JH-5125,Johnny,Holton,Johnny Holton,WR,2016,PIT,73.0,190.0,8/22/91,4.5,8.0,36.5,124.0,4.2,6.9,0.0,0.0,0.0,Cincinnati,American Athletic,80.0,2.0,7,18
DH-3950,DeAndre,Hopkins,DeAndre Hopkins,WR,2013,HOU,73.0,214.0,6/6/92,4.51,15.0,36.0,115.0,4.5,6.83,33.375,10.0,27.0,Clemson,Atlantic Coast (ACC),10.0,1.0,10,18
LH-1950,Lil'Jordan,Humphrey,Lil'Jordan Humphrey,WR,2019,NO,76.0,210.0,4/19/98,4.75,13.0,33.5,119.0,4.29,7.09,32.75,9.5,0.0,Texas,Big 12,84.0,3.0,9,18
AH-3862,Adam,Humphries,Adam Humphries,WR,2015,TEN,71.0,190.0,1/24/93,4.53,14.0,32.5,122.0,4.32,6.96,30.0,9.25,0.0,Clemson,Atlantic Coast (ACC),10.0,1.0,11,14
AH-3900,Allen,Hurns,Allen Hurns,WR,2014,MIA,73.0,198.0,11/12/91,4.54,14.0,31.0,120.0,4.5,7.23,32.0,9.25,0.0,Miami (FL),Atlantic Coast (ACC),17.0,1.0,5,4
IH-0200,Ishmael,Hyman,Ishmael Hyman,WR,2019,CAR,72.0,196.0,8/23/95,0.0,0.0,0.0,0.0,0.0,0.0,0.0,0.0,0.0,James Madison,Colonial Athletic (CAA),0.0,5.0,7,18
DI-0075,Dontrelle,Inman,Dontrelle Inman,WR,2011,IND,75.0,198.0,1/31/89,4.5,11.0,34.0,118.0,4.13,6.53,0.0,0.0,0.0,Virginia,Atlantic Coast (ACC),86.0,3.0,6,5
AI-0100,Andy,Isabella,Andy Isabella,WR,2019,ARI,69.0,188.0,11/18/96,4.45,15.0,36.5,121.0,4.15,6.95,29.75,8.375,62.0,Massachusetts,FBS Independents,89.0,2.0,12,18
DJ-0200,DeSean,Jackson,DeSean Jackson,WR,2008,PHI,70.0,175.0,12/1/86,4.35,0.0,34.5,122.0,4.19,6.82,31.25,9.375,49.0,California,Pacific 10,10.0,2.0,10,4
RJ-0450,Richie,James,Richie James,WR,2018,SF,70.0,183.0,9/5/95,4.48,6.0,35.5,122.0,4.16,6.87,31.25,9.25,240.0,Middle Tennessee,Conference USA (C-USA),13.0,2.0,4,18
AJ-0430,Alshon,Jeffery,Alshon Jeffery,WR,2012,PHI,75.0,216.0,2/14/90,4.48,0.0,36.5,122.0,4.17,6.71,33.0,10.25,45.0,South Carolina,Southeastern (SEC),17.0,4.0,10,11
DJ-0850,Darius,Jennings,Darius Jennings,WR,2015,TEN,71.0,175.0,6/28/92,4.47,0.0,37.0,123.0,4.29,6.95,0.0,0.0,0.0,Virginia,Atlantic Coast (ACC),15.0,3.0,11,18
KJ-0537,KeeSean,Johnson,KeeSean Johnson,WR,2019,ARI,73.0,201.0,10/9/96,4.53,14.0,30.0,117.0,4.23,7.28,32.125,9.625,174.0,Fresno State,Mountain West (MWC),19.0,2.0,12,18
MJ-1450,Marcus,Johnson,Marcus Johnson,WR,2016,IND,72.0,192.0,8/5/94,4.34,22.0,37.0,135.0,4.39,7.26,0.0,0.0,0.0,Texas,Big 12,83.0,2.0,6,1
OJ-0050,Olabisi,Johnson,Olabisi Johnson,WR,2019,MIN,72.0,204.0,3/17/97,4.51,14.0,38.0,124.0,4.16,0.0,30.75,10.375,247.0,Colorado State,Mountain West (MWC),81.0,2.0,12,18
DJ-1675,Diontae,Johnson,Diontae Johnson,WR,2019,PIT,70.0,183.0,7/5/96,4.53,15.0,33.5,123.0,4.45,7.09,30.75,9.0,66.0,Toledo,Mid-American (MAC),18.0,1.0,7,18
JJ-4700,Julio,Jones,Julio Jones,WR,2011,ATL,75.0,220.0,2/3/89,4.34,17.0,38.5,0.0,4.25,6.66,33.75,9.75,6.0,Alabama,Southeastern (SEC),11.0,1.0,9,18
TJ-2650,Tevin,Jones,Tevin Jones,WR,2016,DAL,74.0,218.0,12/26/92,4.48,18.0,36.5,125.0,4.18,6.88,0.0,0.0,0.0,Memphis,American Athletic,0.0,4.0,8,18
MJ-2250,Marvin,Jones,Marvin Jones,WR,2012,DET,74.0,200.0,3/12/90,4.46,22.0,33.0,112.0,4.11,6.81,33.125,10.25,166.0,California,Pacific 12,11.0,4.0,5,15
TJ-2350,T.J.,Jones,T.J. Jones,WR,2014,NYG,72.0,188.0,7/19/92,4.46,0.0,33.0,119.0,4.27,6.82,30.625,10.0,189.0,Notre Dame,FBS Independents,0.0,0.0,11,18
ZJ-0100,Zay,Jones,Zay Jones,WR,2017,OAK,74.0,201.0,3/30/95,4.45,15.0,36.5,133.0,4.01,6.79,32.5,9.0,37.0,East Carolina,American Athletic,81.0,1.0,6,18
CK-0825,Christian,Kirk,Christian Kirk,WR,2018,ARI,70.0,201.0,11/18/96,4.47,20.0,35.5,115.0,4.45,7.09,30.375,9.875,47.0,Texas A&M,Southeastern (SEC),13.0,1.0,12,5
JK-2250,Jake,Kumerow,Jake Kumerow,WR,2015,GB,76.0,202.0,2/17/92,4.54,15.0,31.0,113.0,4.26,6.9,31.875,9.5,0.0,Wisconsin-Whitewater,0,16.0,2.0,11,18
CK-1300,Cooper,Kupp,Cooper Kupp,WR,2017,LA,74.0,204.0,6/15/93,4.62,0.0,31.0,115.0,4.08,6.53,31.5,9.5,69.0,Eastern Washington,Big Sky,18.0,1.0,9,18
CL-0125,Chris,Lacy,Chris Lacy,WR,2018,DET,75.0,205.0,1/28/96,4.51,11.0,35.5,126.0,4.6,7.29,0.0,0.0,0.0,Oklahoma State,Big 12,15.0,1.0,5,18
JL-0215,Jarvis,Landry,Jarvis Landry,WR,2014,CLE,72.0,205.0,11/28/92,4.77,12.0,31.5,113.0,4.59,7.56,31.75,10.25,63.0,LSU,Southeastern (SEC),80.0,1.0,7,18
CL-0275,Cody,Latimer,Cody Latimer,WR,2014,NYG,75.0,215.0,10/10/92,4.45,23.0,39.0,0.0,0.0,0.0,32.625,9.625,56.0,Indiana,Big Ten,12.0,1.0,11,3
AL-0387,Allen,Lazard,Allen Lazard,WR,2018,GB,77.0,227.0,12/11/95,4.55,17.0,38.0,124.0,4.33,7.11,0.0,0.0,0.0,Iowa State,Big 12,13.0,3.0,11,18
ML-0650,Marqise,Lee,Marqise Lee,WR,2014,JAC,72.0,192.0,11/25/91,4.52,0.0,38.0,127.0,4.01,6.96,31.75,9.5,39.0,USC,Pacific 12,11.0,1.0,10,7
TL-1025,Tyler,Lockett,Tyler Lockett,WR,2015,SEA,70.0,182.0,9/28/92,4.31,0.0,35.5,121.0,4.07,6.89,30.0,8.375,69.0,Kansas State,Big 12,16.0,1.0,11,18
JM-1550,Jordan,Matthews,Jordan Matthews,WR,2014,SF,75.0,212.0,7/16/92,4.44,21.0,35.5,120.0,4.18,6.95,33.25,10.375,42.0,Vanderbilt,Southeastern (SEC),81.0,3.0,4,18
CM-1650,Codey,McElroy,Codey McElroy,WR,2018,TB,78.0,225.0,12/13/92,0.0,0.0,0.0,0.0,0.0,0.0,0.0,0.0,0.0,Southeastern Oklahoma,0,86.0,4.0,7,18
IM-0125,Isaiah,McKenzie,Isaiah McKenzie,WR,2017,BUF,67.0,173.0,4/9/95,4.42,11.0,36.0,123.0,4.15,6.64,28.875,8.875,172.0,Georgia,Southeastern (SEC),19.0,2.0,6,18
JM-3475,J.D.,McKissic,J.D. McKissic,WR,2016,DET,70.0,190.0,8/15/93,4.57,17.0,37.0,122.0,4.44,7.0,0.0,0.0,0.0,Arkansas State,Sun Belt,41.0,4.0,5,18
TM-2275,Terry,McLaurin,Terry McLaurin,WR,2019,WAS,72.0,208.0,4/15/96,4.35,18.0,37.5,125.0,4.15,7.01,31.5,9.125,76.0,Ohio State,Big Ten,17.0,1.0,10,17
DM-2275,D.K.,Metcalf,D.K. Metcalf,WR,2019,SEA,75.0,228.0,12/14/97,4.33,27.0,40.5,134.0,4.5,7.38,34.875,9.875,64.0,Mississippi,Southeastern (SEC),14.0,1.0,11,18
JM-4162,Jakobi,Meyers,Jakobi Meyers,WR,2019,NE,74.0,203.0,11/9/96,4.63,13.0,37.0,118.0,4.23,7.07,32.0,9.5,0.0,North Carolina State,Atlantic Coast (ACC),16.0,3.0,10,18
JM-4175,Jaydon,Mickens,Jaydon Mickens,WR,2016,TB,70.0,172.0,4/21/94,4.54,13.0,35.5,121.0,3.93,6.62,0.0,0.0,0.0,Washington,Pacific 12,85.0,3.0,7,18
AM-1975,Anthony,Miller,Anthony Miller,WR,2018,CHI,71.0,201.0,10/9/94,4.5,22.0,39.0,125.0,4.26,6.65,31.625,10.625,51.0,Memphis,American Athletic,17.0,1.0,6,18
SM-2653,Scott,Miller,Scott Miller,WR,2019,TB,69.0,174.0,7/31/97,4.36,15.0,34.0,123.0,4.02,6.97,29.25,8.75,208.0,Bowling Green,Mid-American (MAC),10.0,2.0,7,13
SM-2825,Steven,Mitchell,Steven Mitchell,WR,2018,HOU,70.0,189.0,5/2/94,4.56,13.0,33.5,121.0,4.4,6.75,0.0,0.0,0.0,USC,Pacific 12,11.0,2.0,10,18
DM-2775,Donte,Moncrief,Donte Moncrief,WR,2014,PIT,74.0,221.0,8/6/93,4.34,13.0,39.5,132.0,4.3,7.02,32.375,9.125,90.0,Mississippi,Southeastern (SEC),0.0,0.0,7,18
CM-2675,Chris,Moore,Chris Moore,WR,2016,BAL,73.0,206.0,6/16/93,4.46,10.0,37.0,130.0,4.2,6.76,33.375,9.375,107.0,Cincinnati,American Athletic,10.0,3.0,8,18
DM-2850,D.J.,Moore,D.J. Moore,WR,2018,CAR,72.0,210.0,4/14/97,4.42,15.0,39.5,132.0,4.07,6.95,31.625,9.625,24.0,Maryland,Big Ten,12.0,1.0,7,17
JM-5750,Jason,Moore,Jason Moore,WR,2019,LAC,74.0,208.0,6/23/95,4.57,17.0,37.0,124.0,4.07,6.62,32.375,9.875,0.0,Findlay,0,89.0,2.0,12,18
DM-3050,David,Moore,David Moore,WR,2017,SEA,74.0,225.0,1/15/95,4.43,26.0,36.5,124.0,4.38,6.98,0.0,0.0,226.0,East Central Oklahoma,0,83.0,2.0,11,1
SM-3250,Stanley,Morgan Jr.,Stanley Morgan Jr.,WR,2019,CIN,72.0,202.0,9/7/96,4.53,14.0,38.5,125.0,4.13,6.78,32.375,9.875,0.0,Nebraska,Big Ten,17.0,1.0,9,18
JN-0350,JoJo,Natson,JoJo Natson,WR,2017,LA,66.0,149.0,2/1/94,4.46,16.0,34.0,122.0,4.19,7.2,0.0,0.0,0.0,Akron,Mid-American (MAC),19.0,3.0,9,14
JN-0625,J.J.,Nelson,J.J. Nelson,WR,2015,OAK,70.0,156.0,4/24/92,4.21,0.0,36.0,127.0,4.15,7.02,31.125,8.25,159.0,Alabama-Birmingham,Conference USA (C-USA),0.0,0.0,6,2
GO-0150,Gunner,Olszewski,Gunner Olszewski,WR,2019,NE,72.0,170.0,11/26/96,4.56,0.0,36.0,118.0,4.37,6.88,29.125,8.5,0.0,Bemidji State,0,80.0,1.0,10,12
DP-0350,DeVante,Parker,DeVante Parker,WR,2015,MIA,75.0,209.0,1/20/93,4.4,17.0,36.5,125.0,0.0,0.0,33.25,9.25,14.0,Louisville,Atlantic Coast (ACC),11.0,1.0,5,18
ZP-0050,Zach,Pascal,Zach Pascal,WR,2017,IND,74.0,207.0,12/18/94,4.55,14.0,36.0,125.0,4.25,7.11,0.0,0.0,0.0,Old Dominion,Conference USA (C-USA),14.0,1.0,6,18
TP-0675,Tim,Patrick,Tim Patrick,WR,2017,DEN,77.0,210.0,11/23/93,4.47,22.0,37.5,128.0,4.38,6.99,0.0,0.0,0.0,Utah,Pacific 12,81.0,1.0,10,2
CP-0750,Cordarrelle,Patterson,Cordarrelle Patterson,WR,2013,CHI,74.0,216.0,3/17/91,4.33,0.0,37.0,128.0,4.4,7.28,31.75,9.0,29.0,Tennessee,Southeastern (SEC),84.0,2.0,6,18
AP-0388,Andre,Patton,Andre Patton,WR,2017,LAC,74.0,206.0,5/28/94,4.54,10.0,35.5,118.0,4.29,6.74,0.0,0.0,0.0,Rutgers,Big Ten,15.0,2.0,12,18
BP-0450,Breshad,Perriman,Breshad Perriman,WR,2015,TB,74.0,212.0,9/10/93,4.26,18.0,36.5,127.0,0.0,0.0,32.0,9.25,26.0,Central Florida,American Athletic,19.0,1.0,7,5
DP-1263,Dante,Pettis,Dante Pettis,WR,2018,SF,72.0,186.0,10/23/95,4.49,0.0,0.0,0.0,0.0,0.0,32.25,9.5,44.0,Washington,Pacific 12,18.0,3.0,4,13
BP-1375,Byron,Pringle,Byron Pringle,WR,2018,KC,73.0,203.0,11/17/93,4.46,15.0,33.5,120.0,4.22,6.87,0.0,0.0,0.0,Kansas State,Big 12,13.0,3.0,12,18
TQ-0100,Trey,Quinn,Trey Quinn,WR,2018,WAS,71.0,203.0,12/7/95,4.46,17.0,33.5,104.0,4.17,6.91,30.75,10.125,256.0,SMU,American Athletic,18.0,2.0,10,14
DR-0550,Damion,Ratley,Damion Ratley,WR,2018,CLE,73.0,193.0,4/16/95,4.42,12.0,38.0,124.0,4.23,6.92,0.0,0.0,175.0,Texas A&M,Southeastern (SEC),18.0,3.0,7,18
KR-0312,Kalif,Raymond,Kalif Raymond,WR,2016,TEN,69.0,160.0,8/8/94,0.0,0.0,0.0,0.0,0.0,0.0,0.0,0.0,0.0,Holy Cross,0,14.0,2.0,11,17
HR-0062,Hunter,Renfrow,Hunter Renfrow,WR,2019,OAK,70.0,184.0,12/21/95,4.59,7.0,35.0,116.0,4.19,6.8,29.0,7.875,149.0,Clemson,Atlantic Coast (ACC),13.0,2.0,6,13
JR-1950,Josh,Reynolds,Josh Reynolds,WR,2017,LA,75.0,194.0,2/16/95,4.52,0.0,37.0,123.0,4.13,6.83,31.5,9.375,117.0,Texas A&M,Southeastern (SEC),83.0,2.0,9,18
PR-0150,Paul,Richardson,Paul Richardson,WR,2014,WAS,72.0,175.0,4/13/92,4.33,0.0,38.0,124.0,4.23,6.98,32.625,8.875,45.0,Colorado,Pacific 12,10.0,5.0,10,11
CR-0862,Calvin,Ridley,Calvin Ridley,WR,2018,ATL,72.0,189.0,12/20/94,4.43,15.0,31.0,110.0,4.37,6.88,31.625,9.125,26.0,Alabama,Southeastern (SEC),18.0,4.0,9,15
RR-0650,Riley,Ridley,Riley Ridley,WR,2019,CHI,73.0,199.0,7/26/97,4.58,13.0,30.5,124.0,4.28,7.22,32.625,10.25,126.0,Georgia,Southeastern (SEC),88.0,2.0,6,18
SR-0750,Seth,Roberts,Seth Roberts,WR,2014,BAL,74.0,196.0,2/22/91,4.44,9.0,34.0,117.0,4.41,6.77,0.0,0.0,0.0,West Alabama,0,11.0,2.0,8,18
AR-1100,Andre,Roberts,Andre Roberts,WR,2010,BUF,71.0,195.0,1/9/88,4.4,15.0,36.0,120.0,4.15,6.77,31.5,9.5,88.0,Citadel,Southern,18.0,3.0,6,1
AR-1250,Allen,Robinson,Allen Robinson,WR,2014,CHI,75.0,220.0,8/24/93,4.57,0.0,42.0,131.0,4.0,6.54,32.0,9.5,61.0,Penn State,Big Ten,12.0,1.0,6,18
DR-2225,Demarcus,Robinson,Demarcus Robinson,WR,2016,KC,73.0,203.0,9/21/94,4.56,9.0,34.5,123.0,4.19,6.69,33.0,9.5,126.0,Florida,Southeastern (SEC),11.0,2.0,12,18
CR-1525,Chester,Rogers,Chester Rogers,WR,2016,IND,73.0,180.0,1/12/94,4.51,15.0,36.0,120.0,4.07,6.85,0.0,0.0,0.0,Grambling,Southwestern Athletic (SWAC),80.0,1.0,6,14
JR-3280,John,Ross,John Ross,WR,2017,CIN,71.0,188.0,11/27/94,4.22,0.0,37.0,133.0,0.0,0.0,31.5,8.75,9.0,Washington,Pacific 12,11.0,1.0,9,5
CS-0050,Curtis,Samuel,Curtis Samuel,WR,2017,CAR,71.0,196.0,8/11/96,4.31,18.0,37.0,117.0,4.33,7.09,31.25,9.5,40.0,Ohio State,Big Ten,10.0,1.0,7,18
DS-0150,Deebo,Samuel,Deebo Samuel,WR,2019,SF,71.0,214.0,1/15/96,4.48,15.0,39.0,122.0,4.14,7.03,31.375,10.0,36.0,South Carolina,Southeastern (SEC),19.0,1.0,4,7
ES-0200,Emmanuel,Sanders,Emmanuel Sanders,WR,2010,SF,71.0,180.0,3/17/87,4.4,12.0,39.5,126.0,4.1,6.64,32.0,9.25,82.0,SMU,Conference USA (C-USA),17.0,1.0,4,18
MS-0150,Mohamed,Sanu,Mohamed Sanu,WR,2012,NE,73.0,211.0,8/22/89,4.62,19.0,36.0,126.0,4.22,6.88,33.5,10.125,83.0,Rutgers,Big East,14.0,2.0,10,18
SS-0650,Spencer,Schnell,Spencer Schnell,WR,2019,TB,68.0,176.0,12/7/94,4.64,13.0,36.5,121.0,4.34,6.71,29.25,9.25,0.0,Illinois State,Missouri Valley,83.0,2.0,7,18
JS-1350,Jaleel,Scott,Jaleel Scott,WR,2018,BAL,77.0,218.0,7/23/95,4.56,16.0,34.5,124.0,4.25,7.06,33.5,10.5,132.0,New Mexico State,Sun Belt,12.0,3.0,8,18
DS-0875,Da'Mari,Scott,Da'Mari Scott,WR,2018,NYG,73.0,205.0,8/8/95,4.52,10.0,32.5,116.0,4.27,6.86,0.0,0.0,0.0,Fresno State,Mountain West (MWC),5.0,3.0,11,18
TS-1262,Tajae,Sharpe,Tajae Sharpe,WR,2016,TEN,74.0,194.0,12/23/94,4.49,11.0,33.5,114.0,0.0,0.0,32.25,8.375,140.0,Massachusetts,Mid-American (MAC),19.0,1.0,11,18
RS-0975,Russell,Shepard,Russell Shepard,WR,2013,NYG,73.0,195.0,9/17/90,4.46,8.0,38.5,122.0,4.37,7.09,0.0,0.0,0.0,LSU,Southeastern (SEC),81.0,3.0,11,4
SS-1250,Sterling,Shepard,Sterling Shepard,WR,2016,NYG,70.0,194.0,2/10/94,4.43,20.0,41.0,123.0,4.35,7.0,30.375,9.75,40.0,Oklahoma,Big 12,87.0,3.0,11,2
DS-1862,Darrius,Shepherd,Darrius Shepherd,WR,2019,GB,70.0,185.0,11/1/95,4.61,14.0,35.5,120.0,4.4,7.13,30.0,10.0,0.0,North Dakota State,Missouri Valley,10.0,5.0,11,1
TS-1425,Trent,Sherfield,Trent Sherfield,WR,2018,ARI,72.0,200.0,2/26/96,4.48,19.0,32.5,125.0,4.2,6.9,0.0,0.0,0.0,Vanderbilt,Southeastern (SEC),16.0,2.0,12,18
CS-1925,Cam,Sims,Cam Sims,WR,2018,WAS,77.0,214.0,1/6/96,4.6,0.0,34.0,123.0,4.49,7.57,0.0,0.0,0.0,Alabama,Southeastern (SEC),89.0,2.0,10,18
SS-1537,Steven,Sims Jr.,Steven Sims Jr.,WR,2019,WAS,69.0,181.0,3/31/97,4.56,11.0,31.5,115.0,4.43,7.2,29.375,8.625,0.0,Kansas,Big 12,15.0,1.0,10,18
MS-2100,Matthew,Slater,Matthew Slater,WR,2008,NE,72.0,200.0,9/9/85,0.0,0.0,0.0,0.0,0.0,0.0,0.0,0.0,153.0,UCLA,Pacific 10,18.0,3.0,10,18
DS-2275,Darius,Slayton,Darius Slayton,WR,2019,NYG,73.0,190.0,1/12/97,4.39,11.0,40.5,135.0,4.15,7.0,32.75,10.0,171.0,Auburn,Southeastern (SEC),86.0,2.0,11,2
DS-3031,Devin,Smith,Devin Smith,WR,2015,DAL,72.0,196.0,3/3/92,4.37,10.0,39.0,122.0,4.15,6.83,31.0,9.0,37.0,Ohio State,Big Ten,15.0,2.0,8,18
TS-2425,Tre'Quan,Smith,Tre'Quan Smith,WR,2018,NO,74.0,203.0,1/7/96,4.49,12.0,37.5,130.0,4.5,6.97,33.375,9.5,91.0,Central Florida,American Athletic,10.0,2.0,9,3
JS-4212,Jeff,Smith,Jeff Smith,WR,2019,NYJ,72.0,192.0,4/21/97,4.36,15.0,36.5,127.0,4.06,6.87,31.5,9.0,0.0,Boston College,Atlantic Coast (ACC),9.0,5.0,4,16
VS-0175,Vyncint,Smith,Vyncint Smith,WR,2018,NYJ,75.0,195.0,6/9/96,4.38,0.0,39.5,130.0,4.27,6.89,0.0,0.0,0.0,Limestone,0,17.0,2.0,4,18
JS-4750,Juju,Smith-Schuster,Juju Smith-Schuster,WR,2017,PIT,73.0,215.0,11/22/96,4.54,15.0,33.5,123.0,4.18,6.93,32.875,10.5,62.0,USC,Pacific 12,19.0,2.0,7,12
WS-0925,Willie,Snead,Willie Snead,WR,2014,BAL,71.0,195.0,10/17/92,4.56,11.0,36.0,119.0,4.38,7.18,33.0,10.25,0.0,Ball State,Mid-American (MAC),83.0,2.0,8,18
DS-3187,Diontae,Spencer,Diontae Spencer,WR,2014,DEN,69.0,161.0,3/19/92,0.0,0.0,0.0,0.0,0.0,0.0,0.0,0.0,0.0,McNeese,Southland,11.0,2.0,10,18
KS-2350,Kenny,Stills,Kenny Stills,WR,2013,HOU,72.0,194.0,4/22/92,4.38,16.0,33.5,124.0,4.13,7.13,30.5,9.0,144.0,Oklahoma,Big 12,12.0,1.0,10,18
CS-4462,Courtland,Sutton,Courtland Sutton,WR,2018,DEN,75.0,218.0,10/10/95,4.54,18.0,35.5,124.0,4.11,6.57,32.375,9.75,40.0,SMU,American Athletic,14.0,1.0,10,18
RS-3525,Ryan,Switzer,Ryan Switzer,WR,2017,PIT,68.0,181.0,11/4/94,4.51,11.0,32.0,115.0,4.0,6.77,28.0,9.25,133.0,North Carolina,Atlantic Coast (ACC),10.0,3.0,7,11
AT-0247,Auden,Tate,Auden Tate,WR,2018,CIN,77.0,228.0,2/3/97,4.68,0.0,31.0,112.0,0.0,0.0,33.75,9.375,253.0,Florida State,Atlantic Coast (ACC),19.0,1.0,9,15
GT-0100,Golden,Tate,Golden Tate,WR,2010,NYG,70.0,202.0,8/2/88,4.42,17.0,35.0,120.0,4.34,7.12,30.5,9.25,60.0,Notre Dame,FBS Independents,15.0,1.0,11,13
TT-0150,Taywan,Taylor,Taywan Taylor,WR,2017,CLE,71.0,203.0,3/2/95,4.5,13.0,38.0,132.0,4.21,6.57,32.625,9.25,72.0,Western Kentucky,Conference USA (C-USA),10.0,3.0,7,18
AT-0350,Adam,Thielen,Adam Thielen,WR,2013,MIN,75.0,200.0,8/22/90,4.54,0.0,36.0,120.0,4.49,6.77,0.0,0.0,0.0,Minnesota State,0,19.0,1.0,12,8
DT-0850,De'Anthony,Thomas,De'Anthony Thomas,WR,2014,BAL,69.0,174.0,1/5/93,4.43,8.0,32.5,123.0,4.23,6.94,29.875,8.125,124.0,Oregon,Pacific 12,84.0,4.0,8,18
MT-0887,Mike,Thomas,Mike Thomas,WR,2016,LA,73.0,193.0,3/3/93,4.54,16.0,36.0,126.0,4.26,7.06,0.0,0.0,206.0,Southern Mississippi,Conference USA (C-USA),88.0,2.0,9,18
MT-0875,Michael,Thomas,Michael Thomas,WR,2016,NO,75.0,212.0,3/3/93,4.52,18.0,35.0,126.0,4.13,6.8,32.125,10.5,47.0,Ohio State,Big Ten,13.0,1.0,9,18
DT-0900,Demaryius,Thomas,Demaryius Thomas,WR,2010,NYJ,75.0,229.0,12/25/87,0.0,0.0,0.0,0.0,0.0,0.0,33.0,10.5,22.0,Georgia Tech,Atlantic Coast (ACC),18.0,1.0,4,18
LT-0862,Laquon,Treadwell,Laquon Treadwell,WR,2016,MIN,74.0,221.0,6/14/95,4.64,12.0,33.5,117.0,4.3,7.04,33.375,9.5,23.0,Mississippi,Southeastern (SEC),11.0,3.0,12,18
MT-2350,Malik,Turner,Malik Turner,WR,2018,SEA,75.0,205.0,1/30/96,0.0,17.0,0.0,0.0,0.0,0.0,0.0,0.0,0.0,Illinois,Big Ten,17.0,3.0,11,18
JU-0400,John,Ursua,John Ursua,WR,2019,SEA,70.0,165.0,1/17/94,4.56,17.0,37.0,120.0,4.16,6.77,29.875,9.25,236.0,Hawaii,Mountain West (MWC),15.0,4.0,11,18
MV-0012,Marquez,Valdes-Scantling,Marquez Valdes-Scantling,WR,2018,GB,76.0,206.0,10/10/94,4.37,15.0,30.5,124.0,4.17,6.85,32.25,10.25,174.0,South Florida,American Athletic,83.0,1.0,11,18
MW-0350,Michael,Walker,Michael Walker,WR,2019,JAC,72.0,200.0,10/29/96,4.48,21.0,36.5,130.0,4.49,6.96,30.75,9.0,0.0,Boston College,Atlantic Coast (ACC),13.0,2.0,10,17
GW-0250,Greg,Ward Jr.,Greg Ward Jr.,WR,2017,PHI,70.0,186.0,7/12/95,4.59,10.0,34.5,115.0,4.31,6.9,31.125,9.875,0.0,Houston,American Athletic,84.0,1.0,10,18
JW-0934,James,Washington,James Washington,WR,2018,PIT,71.0,213.0,4/2/96,4.54,14.0,34.5,120.0,4.32,7.11,32.375,9.75,60.0,Oklahoma State,Big 12,13.0,1.0,7,6
SW-0450,Sammy,Watkins,Sammy Watkins,WR,2014,KC,73.0,211.0,6/14/93,4.39,16.0,34.0,126.0,4.34,6.95,32.0,9.625,4.0,Clemson,Atlantic Coast (ACC),14.0,1.0,12,7
JW-1050,Justin,Watson,Justin Watson,WR,2018,TB,75.0,213.0,4/4/95,4.45,20.0,40.0,124.0,4.26,7.08,0.0,0.0,144.0,Pennsylvania,Ivy League,17.0,2.0,7,18
NW-0325,Nsimba,Webster,Nsimba Webster,WR,2019,LA,70.0,180.0,1/27/96,4.55,11.0,31.5,121.0,4.17,6.83,30.625,9.375,0.0,Eastern Washington,Big Sky,14.0,2.0,9,18
DW-2275,Dede,Westbrook,Dede Westbrook,WR,2017,JAC,72.0,178.0,11/21/93,4.39,8.0,34.5,120.0,4.34,7.2,30.625,9.0,110.0,Oklahoma,Big 12,12.0,1.0,10,18
DW-2350,DeAndrew,White,DeAndrew White,WR,2015,CAR,71.0,191.0,10/16/91,4.4,0.0,36.0,121.0,4.18,6.97,31.0,9.125,0.0,Alabama,Southeastern (SEC),18.0,3.0,7,18
DW-2850,D'haquille,Williams,D'haquille Williams,WR,2016,BUF,74.0,224.0,5/13/93,4.68,14.0,30.5,121.0,4.47,7.43,0.0,0.0,0.0,Auburn,Southeastern (SEC),82.0,2.0,6,18
CW-2450,Chad,Williams,Chad Williams,WR,2017,IND,73.0,204.0,10/19/94,4.43,21.0,35.5,123.0,4.21,7.06,32.0,9.75,98.0,Grambling,Southwestern Athletic (SWAC),1.0,3.0,6,18
MW-2825,Mike,Williams,Mike Williams,WR,2017,LAC,76.0,218.0,10/4/94,4.54,15.0,32.5,121.0,0.0,0.0,33.375,9.375,7.0,Clemson,Atlantic Coast (ACC),81.0,1.0,12,4
PW-1150,Preston,Williams,Preston Williams,WR,2019,MIA,75.0,210.0,3/27/97,4.61,0.0,31.5,116.0,4.35,7.11,33.0,9.125,0.0,Colorado State,Mountain West (MWC),18.0,5.0,5,10
TW-2875,Tyrell,Williams,Tyrell Williams,WR,2015,OAK,76.0,200.0,2/12/92,4.43,0.0,39.5,127.0,4.17,6.74,33.5,9.875,0.0,Western Oregon,0,16.0,1.0,6,7
DW-3987,Damion,Willis,Damion Willis,WR,2019,CIN,75.0,195.0,6/20/97,4.51,13.0,33.5,110.0,4.5,7.04,33.25,8.875,0.0,Troy,Sun Belt,15.0,2.0,9,18
CW-3250,Cedrick,Wilson,Cedrick Wilson,WR,2018,DAL,74.0,197.0,11/20/95,4.55,9.0,37.0,121.0,4.23,6.89,31.5,9.75,208.0,Boise State,Mountain West (MWC),11.0,4.0,8,15
BW-2475,Bobo,Wilson,Bobo Wilson,WR,2017,TB,69.0,189.0,1/25/95,4.57,10.0,0.0,119.0,4.57,0.0,0.0,0.0,0.0,Florida State,Atlantic Coast (ACC),0.0,0.0,7,18
AW-1650,Albert,Wilson,Albert Wilson,WR,2014,MIA,69.0,202.0,7/12/92,4.38,10.0,37.5,123.0,4.21,7.0,30.375,9.125,0.0,Georgia State,Sun Belt,15.0,1.0,5,3
JW-5475,Javon,Wims,Javon Wims,WR,2018,CHI,75.0,215.0,9/11/94,4.53,0.0,33.5,113.0,0.0,7.0,31.5,9.25,224.0,Georgia,Southeastern (SEC),83.0,2.0,6,18
JW-5637,Juwann,Winfree,Juwann Winfree,WR,2019,DEN,73.0,212.0,9/4/96,4.53,16.0,33.0,125.0,4.25,6.97,31.5,9.75,187.0,Colorado,Pacific 12,15.0,1.0,10,15
RW-4050,Robert,Woods,Robert Woods,WR,2013,LA,72.0,201.0,4/10/92,4.42,14.0,33.5,117.0,4.47,7.15,31.0,9.25,41.0,USC,Pacific 12,17.0,1.0,9,18
JW-6560,Jarius,Wright,Jarius Wright,WR,2012,CAR,70.0,180.0,11/25/89,4.39,11.0,38.0,120.0,4.03,6.93,31.5,8.5,118.0,Arkansas,Southeastern (SEC),13.0,2.0,7,18
OZ-0100,Olamide,Zaccheaus,Olamide Zaccheaus,WR,2019,ATL,68.0,193.0,7/23/97,4.49,12.0,35.5,125.0,4.19,7.0,31.0,8.75,0.0,Virginia,Atlantic Coast (ACC),17.0,2.0,9,18
BZ-0100,Brandon,Zylstra,Brandon Zylstra,WR,2018,CAR,74.0,215.0,3/25/93,4.64,16.0,34.0,128.0,4.54,7.19,0.0,0.0,0.0,Concordia,0,11.0,2.0,7,18
